FID,FID_1,AGENCY,BUREAU,APREC,ABBREV_APR,PREC,REPDIST,NAME,Shape__Area,Shape__Length
1,498,PD,WEST BUREAU,WILSHIRE,WILS,7,738,0738,1202851.47265625,4463.08608463212
2,499,PD,WEST BUREAU,OLYMPIC,OLYM,20,2023,2023,478206.19921875,2932.83153384254
3,500,PD,WEST BUREAU,OLYMPIC,OLYM,20,2022,2022,508762.4765625,3105.27846664392
4,504,PD,CENTRAL BUREAU,RAMPART,RAMP,2,238,0238,619042.671875,3295.22936123145
5,505,PD,CENTRAL BUREAU,CENTRAL,CENT,1,111,0111,1456159.7890625,5251.49353681568
6,506,PD,WEST BUREAU,WILSHIRE,WILS,7,735,0735,344103.7890625,2841.14377210252
7,507,PD,CENTRAL BUREAU,RAMPART,RAMP,2,239,0239,344716.62890625,2701.38701362705
8,508,PD,WEST BUREAU,WEST LOS ANGELES,WLA,8,834,0834,1403866.4921875,5110.4160997819
9,509,PD,WEST BUREAU,WEST LOS ANGELES,WLA,8,817,0817,389017.09375,2791.39118274167
10,510,PD,WEST BUREAU,WEST LOS ANGELES,WLA,8,826,0826,890507.58984375,4456.99933104028
11,511,PD,WEST BUREAU,WILSHIRE,WILS,7,743,0743,1033339.6171875,4174.37704032236
12,512,PD,CENTRAL BUREAU,RAMPART,RAMP,2,246,0246,230062.65234375,2584.97788732041
13,513,PD,CENTRAL BUREAU,CENTRAL,CENT,1,121,0121,172277.91015625,1905.72965928508
14,514,PD,WEST BUREAU,WILSHIRE,WILS,7,745,0745,1402653.12890625,5141.88124787817
15,515,PD,CENTRAL BUREAU,CENTRAL,CENT,1,119,0119,1272365.48046875,4467.04265430747
16,516,PD,WEST BUREAU,WILSHIRE,WILS,7,749,0749,1282650.734375,4967.05759614449
17,517,PD,WEST BUREAU,OLYMPIC,OLYM,20,2038,2038,156359.9296875,1669.47048809695
18,518,PD,WEST BUREAU,OLYMPIC,OLYM,20,2039,2039,311340.828125,2270.04784582416
19,519,PD,CENTRAL BUREAU,RAMPART,RAMP,2,247,0247,164706.75390625,1673.1614557754
20,520,PD,WEST BUREAU,OLYMPIC,OLYM,20,2036,2036,226607.21484375,1913.69944343275
21,521,PD,WEST BUREAU,OLYMPIC,OLYM,20,2035,2035,292967.98828125,2260.04036448304
22,522,PD,WEST BUREAU,OLYMPIC,OLYM,20,2033,2033,532083.484375,3037.27380754092
23,523,PD,WEST BUREAU,OLYMPIC,OLYM,20,2034,2034,236196.265625,2130.54823401695
24,524,PD,WEST BUREAU,OLYMPIC,OLYM,20,2031,2031,522236.66015625,3084.12343249394
25,525,PD,WEST BUREAU,WILSHIRE,WILS,7,747,0747,988091.06640625,4123.60643240141
26,526,PD,CENTRAL BUREAU,RAMPART,RAMP,2,248,0248,284964.04296875,2460.55667796597
27,527,PD,CENTRAL BUREAU,CENTRAL,CENT,1,112,0112,242526.65625,2869.06545129282
28,528,PD,CENTRAL BUREAU,RAMPART,RAMP,2,261,0261,315620.625,2355.71337667336
29,529,PD,CENTRAL BUREAU,RAMPART,RAMP,2,257,0257,445312.0078125,3094.07121151695
30,530,PD,CENTRAL BUREAU,CENTRAL,CENT,1,122,0122,298354.70703125,2241.10395300097
31,531,PD,WEST BUREAU,WILSHIRE,WILS,7,752,0752,1080837.78125,4249.78622792444
32,532,PD,WEST BUREAU,WEST LOS ANGELES,WLA,8,836,0836,1525297.15234375,5068.16431957963
33,533,PD,WEST BUREAU,OLYMPIC,OLYM,20,2041,2041,688429.61328125,3929.14308108878
34,534,PD,CENTRAL BUREAU,RAMPART,RAMP,2,256,0256,266993.8984375,2074.50577807621
35,535,PD,CENTRAL BUREAU,CENTRAL,CENT,1,131,0131,91894.11328125,1297.43888025281
36,536,PD,WEST BUREAU,WILSHIRE,WILS,7,753,0753,725683.30859375,3462.22972072927
37,537,PD,CENTRAL BUREAU,RAMPART,RAMP,2,249,0249,590603.34375,3208.71954694618
38,538,PD,WEST BUREAU,OLYMPIC,OLYM,20,2042,2042,422101.19140625,2918.84721961918
39,539,PD,WEST BUREAU,OLYMPIC,OLYM,20,2046,2046,237046.6640625,1964.2066473425
40,540,PD,WEST BUREAU,OLYMPIC,OLYM,20,2049,2049,301862.37890625,2383.47511631836
41,541,PD,WEST BUREAU,OLYMPIC,OLYM,20,2045,2045,158681.984375,1605.08615013471
42,542,PD,WEST BUREAU,OLYMPIC,OLYM,20,2044,2044,209793.52734375,1825.8533737808
43,543,PD,CENTRAL BUREAU,CENTRAL,CENT,1,132,0132,341176.390625,2425.92100637785
44,544,PD,WEST BUREAU,WILSHIRE,WILS,7,758,0758,1138254.89453125,4313.32846463448
45,545,PD,CENTRAL BUREAU,RAMPART,RAMP,2,265,0265,198832.17578125,1788.04556501708
46,546,PD,CENTRAL BUREAU,CENTRAL,CENT,1,123,0123,171349.9921875,1727.89700934028
47,547,PD,CENTRAL BUREAU,CENTRAL,CENT,1,141,0141,104533.22265625,1462.07912733997
48,548,PD,CENTRAL BUREAU,RAMPART,RAMP,2,271,0271,259316.4453125,2204.99353178327
49,549,PD,CENTRAL BUREAU,RAMPART,RAMP,2,266,0266,203495.4296875,1803.7352525542
50,550,PD,WEST BUREAU,WILSHIRE,WILS,7,755,0755,746978.30859375,3526.66065976985
51,551,PD,WEST BUREAU,WEST LOS ANGELES,WLA,8,859,0859,1127210.71875,4251.65000425435
52,501,PD,WEST BUREAU,OLYMPIC,OLYM,20,2021,2021,985820.953125,4208.15317219519
53,552,PD,CENTRAL BUREAU,CENTRAL,CENT,1,142,0142,368001.38671875,2485.77747985217
54,553,PD,WEST BUREAU,OLYMPIC,OLYM,20,2058,2058,293796.33203125,2394.96802958412
55,554,PD,CENTRAL BUREAU,CENTRAL,CENT,1,127,0127,159668.0390625,2011.59076242571
56,555,PD,CENTRAL BUREAU,CENTRAL,CENT,1,124,0124,153169.484375,1639.22186167042
57,556,PD,WEST BUREAU,OLYMPIC,OLYM,20,2056,2056,452318.19921875,2878.61453276426
58,557,PD,WEST BUREAU,OLYMPIC,OLYM,20,2055,2055,456170.921875,2890.19328186438
59,558,PD,WEST BUREAU,OLYMPIC,OLYM,20,2053,2053,266344.6953125,2065.21399673572
60,559,PD,WEST BUREAU,OLYMPIC,OLYM,20,2054,2054,224227.33203125,1934.75901101054
61,560,PD,WEST BUREAU,OLYMPIC,OLYM,20,2062,2062,782442.95703125,3872.89094500052
62,561,PD,CENTRAL BUREAU,CENTRAL,CENT,1,129,0129,676515.34765625,3379.09369605629
63,562,PD,CENTRAL BUREAU,RAMPART,RAMP,2,269,0269,444369.77734375,2902.20707073871
64,563,PD,WEST BUREAU,WILSHIRE,WILS,7,765,0765,1358345.86328125,5503.251359454
65,564,PD,WEST BUREAU,WILSHIRE,WILS,7,762,0762,1138342.37109375,4322.8153901616
66,565,PD,CENTRAL BUREAU,RAMPART,RAMP,2,275,0275,336203.6796875,2375.85330289484
67,566,PD,WEST BUREAU,WEST LOS ANGELES,WLA,8,847,0847,1053470.02734375,4517.88091780349
68,567,PD,WEST BUREAU,WILSHIRE,WILS,7,759,0759,542233.375,3295.77674914212
69,568,PD,CENTRAL BUREAU,CENTRAL,CENT,1,133,0133,74243.6953125,1098.65464108438
70,569,PD,CENTRAL BUREAU,CENTRAL,CENT,1,151,0151,127367.94140625,1595.01905303824
71,570,PD,WEST BUREAU,OLYMPIC,OLYM,20,2069,2069,570171.78515625,3048.06165180939
72,571,PD,CENTRAL BUREAU,CENTRAL,CENT,1,128,0128,208020.7578125,2256.30565640952
73,572,PD,CENTRAL BUREAU,CENTRAL,CENT,1,152,0152,374224.83203125,2500.58072933298
74,573,PD,WEST BUREAU,WEST LOS ANGELES,WLA,8,835,0835,1390807.2890625,4856.15725211613
75,574,PD,CENTRAL BUREAU,RAMPART,RAMP,2,281,0281,218977.921875,2002.7257047496
76,575,PD,WEST BUREAU,WILSHIRE,WILS,7,763,0763,894298.39453125,3892.66892346831
77,576,PD,CENTRAL BUREAU,CENTRAL,CENT,1,135,0135,163658.69140625,1634.34742944301
78,577,PD,CENTRAL BUREAU,CENTRAL,CENT,1,134,0134,73658.41015625,1084.56105750719
79,578,PD,WEST BUREAU,OLYMPIC,OLYM,20,2064,2064,228080.85546875,1906.58603589387
80,579,PD,WEST BUREAU,OLYMPIC,OLYM,20,2063,2063,264976.08984375,2060.69383269645
81,580,PD,WEST BUREAU,WEST LOS ANGELES,WLA,8,854,0854,310372.50390625,3039.6436170104
82,581,PD,CENTRAL BUREAU,RAMPART,RAMP,2,279,0279,338417.046875,2432.29552497606
83,582,PD,WEST BUREAU,WEST LOS ANGELES,WLA,8,822,0822,2587388.953125,9054.79357227517
84,583,PD,WEST BUREAU,WEST LOS ANGELES,WLA,8,823,0823,3097837.23046875,7737.05958456337
85,584,PD,CENTRAL BUREAU,CENTRAL,CENT,1,161,0161,205321.828125,1894.44502530327
86,585,PD,CENTRAL BUREAU,CENTRAL,CENT,1,138,0138,412673.328125,2813.28631246574
87,586,PD,CENTRAL BUREAU,CENTRAL,CENT,1,143,0143,73752.12109375,1098.3672474352
88,587,PD,WEST BUREAU,WEST LOS ANGELES,WLA,8,887,0887,2084801.33984375,6712.16347444509
89,588,PD,CENTRAL BUREAU,RAMPART,RAMP,2,285,0285,260883.7265625,2079.04367954645
90,589,PD,WEST BUREAU,WILSHIRE,WILS,7,764,0764,598212.66796875,3493.68003811426
91,590,PD,CENTRAL BUREAU,CENTRAL,CENT,1,162,0162,374434.9375,2573.54462802076
92,591,PD,CENTRAL BUREAU,CENTRAL,CENT,1,139,0139,716523.0078125,3475.90246837397
93,592,PD,CENTRAL BUREAU,CENTRAL,CENT,1,144,0144,37368.15234375,794.977075051754
94,593,PD,CENTRAL BUREAU,CENTRAL,CENT,1,153,0153,145770.94921875,1579.22741026729
95,594,PD,WEST BUREAU,WILSHIRE,WILS,7,766,0766,261638.8203125,2208.30108118581
96,595,PD,CENTRAL BUREAU,CENTRAL,CENT,1,145,0145,33660.89453125,768.578536207729
97,596,PD,WEST BUREAU,WILSHIRE,WILS,7,767,0767,235523.4453125,1968.52560537311
98,597,PD,CENTRAL BUREAU,CENTRAL,CENT,1,171,0171,271527.23046875,2097.67418660602
99,598,PD,CENTRAL BUREAU,RAMPART,RAMP,2,289,0289,248433.27734375,2026.98177407986
100,599,PD,WEST BUREAU,WILSHIRE,WILS,7,769,0769,323925.38671875,2291.81690391326
101,600,PD,CENTRAL BUREAU,CENTRAL,CENT,1,154,0154,73246.53515625,1082.58184173462
102,601,PD,WEST BUREAU,OLYMPIC,OLYM,20,2079,2079,341790.0859375,2530.95851366229
103,602,PD,WEST BUREAU,OLYMPIC,OLYM,20,2076,2076,962607.703125,3878.29833077811
104,603,PD,CENTRAL BUREAU,RAMPART,RAMP,2,291,0291,263318.05859375,2502.31970912059
105,604,PD,WEST BUREAU,OLYMPIC,OLYM,20,2074,2074,522922.578125,3103.23233551053
106,605,PD,WEST BUREAU,OLYMPIC,OLYM,20,2073,2073,203022.10546875,1800.84379575085
107,606,PD,WEST BUREAU,OLYMPIC,OLYM,20,2071,2071,471337.5234375,2898.18566067022
108,607,PD,WEST BUREAU,WILSHIRE,WILS,7,776,0776,404864.0078125,4008.1770581485
109,608,PD,CENTRAL BUREAU,CENTRAL,CENT,1,146,0146,55113.5859375,918.925564988331
110,609,PD,WEST BUREAU,WEST LOS ANGELES,WLA,8,889,0889,914532.4453125,3944.96016772095
111,610,PD,WEST BUREAU,WILSHIRE,WILS,7,777,0777,571729.7109375,3103.7076663336
112,611,PD,WEST BUREAU,WILSHIRE,WILS,7,775,0775,557027.8359375,3165.32458698624
113,612,PD,WEST BUREAU,WEST LOS ANGELES,WLA,8,884,0884,1531229.234375,6244.17584465431
114,613,PD,CENTRAL BUREAU,CENTRAL,CENT,1,147,0147,50248.1015625,920.858956010776
115,614,PD,WEST BUREAU,WILSHIRE,WILS,7,774,0774,469576.53125,2864.39108178571
116,615,PD,CENTRAL BUREAU,CENTRAL,CENT,1,182,0182,723381.98046875,3405.97841572528
117,616,PD,WEST BUREAU,WEST LOS ANGELES,WLA,8,852,0852,659502.5703125,3335.74517185416
118,617,PD,CENTRAL BUREAU,RAMPART,RAMP,2,295,0295,348287.54296875,2631.06505063759
119,618,PD,CENTRAL BUREAU,CENTRAL,CENT,1,155,0155,61774.64453125,996.280736309047
120,619,PD,CENTRAL BUREAU,CENTRAL,CENT,1,164,0164,68657.7265625,1054.29087552603
121,620,PD,CENTRAL BUREAU,CENTRAL,CENT,1,163,0163,150312.39453125,1601.71661589502
122,621,PD,CENTRAL BUREAU,CENTRAL,CENT,1,148,0148,119731.45703125,1552.76074876872
123,622,PD,CENTRAL BUREAU,CENTRAL,CENT,1,181,0181,277405.546875,2240.50894043856
124,623,PD,CENTRAL BUREAU,CENTRAL,CENT,1,159,0159,1264854.05859375,4877.37412924611
125,624,PD,WEST BUREAU,WILSHIRE,WILS,7,773,0773,809272.3203125,4679.08074692524
126,625,PD,WEST BUREAU,WEST LOS ANGELES,WLA,8,883,0883,354147.77734375,3116.92954014119
127,626,PD,CENTRAL BUREAU,CENTRAL,CENT,1,156,0156,67651.81640625,1042.34821288829
128,627,PD,WEST BUREAU,WILSHIRE,WILS,7,778,0778,386844.0234375,2588.40808101728
129,628,PD,CENTRAL BUREAU,RAMPART,RAMP,2,299,0299,505017.5546875,2913.88529007704
130,629,PD,CENTRAL BUREAU,CENTRAL,CENT,1,165,0165,64775.0859375,1019.31071401974
131,630,PD,CENTRAL BUREAU,CENTRAL,CENT,1,174,0174,113463.3203125,1460.54463135526
132,631,PD,WEST BUREAU,OLYMPIC,OLYM,20,2088,2088,464906.0546875,2774.56186769452
133,632,PD,CENTRAL BUREAU,CENTRAL,CENT,1,157,0157,201899.12890625,1884.98351149464
134,633,PD,WEST BUREAU,WEST LOS ANGELES,WLA,8,882,0882,969229.7421875,3961.71483810665
135,634,PD,CENTRAL BUREAU,CENTRAL,CENT,1,158,0158,433903.9375,3203.42179848274
136,635,PD,WEST BUREAU,WILSHIRE,WILS,7,779,0779,327128.69921875,2311.0819520751
137,636,PD,WEST BUREAU,OLYMPIC,OLYM,20,2083,2083,203507.765625,1810.0054049595
138,637,PD,WEST BUREAU,OLYMPIC,OLYM,20,2081,2081,475561.52734375,2924.92534169057
139,638,PD,CENTRAL BUREAU,CENTRAL,CENT,1,166,0166,68920.3046875,1044.63302238501
140,639,PD,CENTRAL BUREAU,CENTRAL,CENT,1,176,0176,321964.359375,2284.75559096645
141,640,PD,CENTRAL BUREAU,CENTRAL,CENT,1,185,0185,594551.6484375,3125.88205889263
142,641,PD,CENTRAL BUREAU,CENTRAL,CENT,1,191,0191,453245.65625,2876.25764039353
143,642,PD,WEST BUREAU,WILSHIRE,WILS,7,783,0783,940235.1015625,4419.85731366002
144,643,PD,WEST BUREAU,WEST LOS ANGELES,WLA,8,898,0898,1295736.20703125,5433.75460658577
145,644,PD,WEST BUREAU,WILSHIRE,WILS,7,784,0784,736464.2109375,3490.24186057864
146,645,PD,WEST BUREAU,WEST LOS ANGELES,WLA,8,895,0895,1355157.17578125,4659.90955637876
147,646,PD,CENTRAL BUREAU,NEWTON,NEWT,13,1307,1307,1012184.265625,4586.39955222521
148,647,PD,CENTRAL BUREAU,CENTRAL,CENT,1,192,0192,675117.80078125,3309.67363470349
149,648,PD,WEST BUREAU,WEST LOS ANGELES,WLA,8,821,0821,284643.015625,4888.21013083958
150,649,PD,WEST BUREAU,WILSHIRE,WILS,7,785,0785,710532.08203125,3599.91821186769
151,650,PD,WEST BUREAU,OLYMPIC,OLYM,20,2099,2099,343280.265625,2453.21314353743
152,651,PD,WEST BUREAU,OLYMPIC,OLYM,20,2097,2097,390396.6015625,2752.72887681642
153,652,PD,WEST BUREAU,OLYMPIC,OLYM,20,2093,2093,371426.59765625,2702.30770127472
154,653,PD,WEST BUREAU,WILSHIRE,WILS,7,789,0789,582969.41015625,3285.50530977598
155,654,PD,WEST BUREAU,OLYMPIC,OLYM,20,2091,2091,376606.8359375,2751.54168176697
156,655,PD,WEST BUREAU,WILSHIRE,WILS,7,788,0788,324917.25390625,2445.33413431941
157,656,PD,WEST BUREAU,WILSHIRE,WILS,7,787,0787,379924.10546875,2621.65245453926
158,657,PD,CENTRAL BUREAU,RAMPART,RAMP,2,292,0292,84719.1171875,1397.92186423074
159,658,PD,CENTRAL BUREAU,NEWTON,NEWT,13,1303,1303,893032.14453125,4074.97484556156
160,659,PD,SOUTH BUREAU,SOUTHWEST,SOW,3,309,0309,125349.015625,1720.32328849448
161,660,PD,SOUTH BUREAU,SOUTHWEST,SOW,3,308,0308,549157.02734375,3081.39236103778
162,661,PD,WEST BUREAU,WEST LOS ANGELES,WLA,8,893,0893,1170597.9375,5215.47725677674
163,662,PD,CENTRAL BUREAU,CENTRAL,CENT,1,195,0195,592970.81640625,3104.29209298079
164,663,PD,WEST BUREAU,WEST LOS ANGELES,WLA,8,897,0897,606578.09375,3941.09894948328
165,664,PD,SOUTH BUREAU,SOUTHWEST,SOW,3,315,0315,804672.875,3570.27892316343
166,665,PD,SOUTH BUREAU,SOUTHWEST,SOW,3,316,0316,572979.25390625,3120.13681084598
167,666,PD,SOUTH BUREAU,SOUTHWEST,SOW,3,318,0318,493362.3359375,3016.39977659648
168,667,PD,SOUTH BUREAU,SOUTHWEST,SOW,3,317,0317,554838.53515625,3084.12396511882
169,668,PD,SOUTH BUREAU,SOUTHWEST,SOW,3,314,0314,1045502.8359375,4264.62229048174
170,669,PD,WEST BUREAU,WEST LOS ANGELES,WLA,8,871,0871,303804.41796875,4614.92265149541
171,670,PD,SOUTH BUREAU,SOUTHWEST,SOW,3,319,0319,513053.921875,3279.40791550156
172,671,PD,CENTRAL BUREAU,NEWTON,NEWT,13,1311,1311,92726.0625,1527.58569288304
173,672,PD,SOUTH BUREAU,SOUTHWEST,SOW,3,313,0313,317815.1015625,2373.05732788899
174,673,PD,WEST BUREAU,WEST LOS ANGELES,WLA,8,892,0892,513184.54296875,3190.47692687362
175,674,PD,SOUTH BUREAU,SOUTHWEST,SOW,3,301,0301,372793.24609375,3735.76927821469
176,675,PD,SOUTH BUREAU,SOUTHWEST,SOW,3,307,0307,183501.69921875,1913.70608513119
177,676,PD,CENTRAL BUREAU,NEWTON,NEWT,13,1309,1309,4236583.23828125,8767.21248134689
178,677,PD,SOUTH BUREAU,SOUTHWEST,SOW,3,305,0305,278345.46484375,2679.25371865299
179,678,PD,SOUTH BUREAU,SOUTHWEST,SOW,3,303,0303,176036.75390625,2089.46491787626
180,679,PD,CENTRAL BUREAU,NEWTON,NEWT,13,1313,1313,1502574.6796875,4998.52936466176
181,680,PD,CENTRAL BUREAU,NEWTON,NEWT,13,1321,1321,1222022.11328125,4438.55208127916
182,681,PD,SOUTH BUREAU,SOUTHWEST,SOW,3,325,0325,441574.40234375,2745.73591003419
183,682,PD,SOUTH BUREAU,SOUTHWEST,SOW,3,326,0326,703940.49609375,3879.99086018364
184,683,PD,SOUTH BUREAU,SOUTHWEST,SOW,3,327,0327,297421.8984375,2144.23609278426
185,684,PD,SOUTH BUREAU,SOUTHWEST,SOW,3,333,0333,769801.7734375,3782.89664573323
186,685,PD,SOUTH BUREAU,SOUTHWEST,SOW,3,334,0334,953280.4296875,4143.36089751751
187,686,PD,SOUTH BUREAU,SOUTHWEST,SOW,3,332,0332,656556.98046875,3396.55355962603
188,687,PD,SOUTH BUREAU,SOUTHWEST,SOW,3,331,0331,913222.02734375,4225.98416740589
189,688,PD,SOUTH BUREAU,SOUTHWEST,SOW,3,312,0312,776585.171875,3664.1164949932
190,689,PD,SOUTH BUREAU,SOUTHWEST,SOW,3,311,0311,1390711.08203125,5314.6589053594
191,690,PD,CENTRAL BUREAU,NEWTON,NEWT,13,1317,1317,1523802.77734375,5088.43531846813
192,691,PD,WEST BUREAU,WEST LOS ANGELES,WLA,8,896,0896,54065.859375,1007.8172097212
193,692,PD,SOUTH BUREAU,SOUTHWEST,SOW,3,328,0328,711036.80859375,3539.80005611463
194,693,PD,SOUTH BUREAU,SOUTHWEST,SOW,3,336,0336,691781.62890625,3372.30304449525
195,694,PD,SOUTH BUREAU,SOUTHWEST,SOW,3,335,0335,644173.88671875,3452.82450962892
196,695,PD,SOUTH BUREAU,SOUTHWEST,SOW,3,337,0337,700605.51953125,3864.63154226607
197,696,PD,WEST BUREAU,PACIFIC,PAC,14,1427,1427,722962.375,3690.18432558924
198,697,PD,SOUTH BUREAU,SOUTHWEST,SOW,3,338,0338,591747.69921875,3804.76208841333
199,698,PD,SOUTH BUREAU,SOUTHWEST,SOW,3,329,0329,200127.8125,2307.57300758823
200,699,PD,CENTRAL BUREAU,NEWTON,NEWT,13,1322,1322,412526.140625,2625.12770795545
201,700,PD,CENTRAL BUREAU,NEWTON,NEWT,13,1331,1331,1061632.0234375,4148.13104307602
202,701,PD,WEST BUREAU,PACIFIC,PAC,14,1426,1426,220016.80859375,2907.88490598186
203,702,PD,SOUTH BUREAU,SOUTHWEST,SOW,3,321,0321,1365288.05859375,6128.59386946239
204,703,PD,WEST BUREAU,PACIFIC,PAC,14,1425,1425,1079403.87890625,4228.4265449016
205,704,PD,CENTRAL BUREAU,NEWTON,NEWT,13,1323,1323,622251.8515625,3228.329179701
206,705,PD,SOUTH BUREAU,SOUTHWEST,SOW,3,354,0354,1059613.93359375,4147.70581764136
207,706,PD,SOUTH BUREAU,SOUTHWEST,SOW,3,355,0355,956220.140625,3977.96582265095
208,707,PD,SOUTH BUREAU,SOUTHWEST,SOW,3,356,0356,929330.93359375,3852.16577197839
209,708,PD,SOUTH BUREAU,SOUTHWEST,SOW,3,357,0357,927105.30078125,3850.2113109075
210,709,PD,SOUTH BUREAU,SOUTHWEST,SOW,3,358,0358,958395.83203125,3936.55983589812
211,710,PD,SOUTH BUREAU,SOUTHWEST,SOW,3,351,0351,414786.48046875,2869.96307647703
212,711,PD,SOUTH BUREAU,SOUTHWEST,SOW,3,353,0353,813672.93359375,3827.65389781183
213,712,PD,CENTRAL BUREAU,NEWTON,NEWT,13,1324,1324,356682.140625,2389.99834625419
214,713,PD,SOUTH BUREAU,SOUTHWEST,SOW,3,373,0373,1302912.140625,4760.30558085097
215,714,PD,CENTRAL BUREAU,NEWTON,NEWT,13,1333,1333,1145488.48828125,4473.56085610094
216,715,PD,SOUTH BUREAU,SOUTHWEST,SOW,3,341,0341,2773929.8046875,10569.7853804786
217,716,PD,SOUTH BUREAU,SOUTHWEST,SOW,3,359,0359,329646.98046875,3371.5372185519
218,717,PD,SOUTH BUREAU,SOUTHWEST,SOW,3,343,0343,510569.95703125,3187.87567038366
219,718,PD,SOUTH BUREAU,SOUTHWEST,SOW,3,361,0361,646436.56640625,3480.33107352117
220,719,PD,SOUTH BUREAU,SOUTHWEST,SOW,3,362,0362,836329.30078125,4688.86190698621
221,720,PD,CENTRAL BUREAU,NEWTON,NEWT,13,1341,1341,905218.19921875,3934.06496292862
222,721,PD,CENTRAL BUREAU,NEWTON,NEWT,13,1327,1327,504223.3046875,3045.60249210275
223,722,PD,CENTRAL BUREAU,NEWTON,NEWT,13,1325,1325,400855.25390625,2611.41625277193
224,723,PD,SOUTH BUREAU,SOUTHWEST,SOW,3,374,0374,1171803.02734375,4486.51161058483
225,724,PD,CENTRAL BUREAU,NEWTON,NEWT,13,1342,1342,689313.30859375,3288.86955929795
226,725,PD,SOUTH BUREAU,SOUTHWEST,SOW,3,376,0376,984991.98828125,3980.07306637346
227,726,PD,SOUTH BUREAU,SOUTHWEST,SOW,3,377,0377,481883.37109375,2967.10494129068
228,727,PD,SOUTH BUREAU,SOUTHWEST,SOW,3,379,0379,486040.81640625,2979.34446919102
229,728,PD,SOUTH BUREAU,SOUTHWEST,SOW,3,363,0363,1631381.53515625,5461.85235544399
230,729,PD,SOUTH BUREAU,SOUTHWEST,SOW,3,378,0378,959328.7421875,4000.69280148068
231,730,PD,SOUTH BUREAU,SOUTHWEST,SOW,3,375,0375,907052.9609375,3815.1293820609
232,731,PD,CENTRAL BUREAU,NEWTON,NEWT,13,1326,1326,241639.6953125,1948.24588518836
233,732,PD,CENTRAL BUREAU,NEWTON,NEWT,13,1347,1347,1451219.109375,5434.75227633894
234,733,PD,CENTRAL BUREAU,NEWTON,NEWT,13,1343,1343,796152.45703125,4130.8851368241
235,734,PD,CENTRAL BUREAU,NEWTON,NEWT,13,1345,1345,601657.56640625,3397.9834580823
236,735,PD,SOUTH BUREAU,SOUTHWEST,SOW,3,391,0391,2024145.4921875,7196.13145793477
237,736,PD,SOUTH BUREAU,SOUTHWEST,SOW,3,398,0398,495439.453125,2975.12556001573
238,737,PD,CENTRAL BUREAU,NEWTON,NEWT,13,1354,1354,405616.47265625,2923.20568053584
239,738,PD,CENTRAL BUREAU,NEWTON,NEWT,13,1351,1351,770073.625,3530.86843859334
240,739,PD,SOUTH BUREAU,SOUTHWEST,SOW,3,399,0399,184973.0546875,2349.68934560676
241,740,PD,SOUTH BUREAU,SOUTHWEST,SOW,3,396,0396,471053.04296875,2921.39809444606
242,741,PD,SOUTH BUREAU,SOUTHWEST,SOW,3,393,0393,1267748.6484375,4487.23781303487
243,742,PD,WEST BUREAU,PACIFIC,PAC,14,1434,1434,1721599.1640625,5421.3913992902
244,743,PD,SOUTH BUREAU,SOUTHWEST,SOW,3,394,0394,641090.84765625,3335.26850963219
245,744,PD,SOUTH BUREAU,SOUTHWEST,SOW,3,395,0395,1340128.30078125,4711.30349125881
246,745,PD,SOUTH BUREAU,SOUTHWEST,SOW,3,397,0397,1393289.02734375,4821.14101989587
247,746,PD,CENTRAL BUREAU,NEWTON,NEWT,13,1344,1344,494966.4453125,3779.0116382721
248,747,PD,CENTRAL BUREAU,NEWTON,NEWT,13,1346,1346,535078.6796875,3354.95245084159
249,748,PD,CENTRAL BUREAU,NEWTON,NEWT,13,1353,1353,771443.7578125,3546.00385105594
250,749,PD,CENTRAL BUREAU,NEWTON,NEWT,13,1352,1352,653186.890625,3390.8465014066
251,750,PD,WEST BUREAU,PACIFIC,PAC,14,1433,1433,995703.453125,4024.25550398446
252,751,PD,CENTRAL BUREAU,NEWTON,NEWT,13,1364,1364,590030.984375,3408.19168698181
253,752,PD,CENTRAL BUREAU,NEWTON,NEWT,13,1367,1367,1234775.7109375,4483.55206322951
254,753,PD,CENTRAL BUREAU,NEWTON,NEWT,13,1365,1365,590671.41015625,3415.76161390017
255,754,PD,CENTRAL BUREAU,NEWTON,NEWT,13,1361,1361,841823.77734375,3743.621428221
256,755,PD,SOUTH BUREAU,77TH STREET,77TH,12,1209,1209,222742.79296875,2585.17116959712
257,756,PD,SOUTH BUREAU,77TH STREET,77TH,12,1204,1204,768096.43359375,4003.04940358989
258,757,PD,SOUTH BUREAU,77TH STREET,77TH,12,1208,1208,530687.08984375,3142.52928729451
259,758,PD,SOUTH BUREAU,77TH STREET,77TH,12,1207,1207,552999.23046875,3237.73162940992
260,759,PD,CENTRAL BUREAU,NEWTON,NEWT,13,1362,1362,733797.57421875,3504.30137727236
261,760,PD,CENTRAL BUREAU,NEWTON,NEWT,13,1363,1363,651190.91796875,3296.75726388044
262,761,PD,SOUTH BUREAU,77TH STREET,77TH,12,1205,1205,915133.1796875,4250.62494338471
263,762,PD,WEST BUREAU,PACIFIC,PAC,14,1432,1432,834056.03125,3913.1066103781
264,763,PD,WEST BUREAU,PACIFIC,PAC,14,1457,1457,903695.33984375,4483.73306676098
265,764,PD,WEST BUREAU,PACIFIC,PAC,14,1468,1468,333858.30078125,2257.93327682373
266,765,PD,CENTRAL BUREAU,NEWTON,NEWT,13,1373,1373,848700.91796875,3688.33761338558
267,766,PD,CENTRAL BUREAU,NEWTON,NEWT,13,1371,1371,629553.37109375,3227.81105804881
268,767,PD,SOUTH BUREAU,77TH STREET,77TH,12,1218,1218,835955.21484375,3720.77598775292
269,768,PD,SOUTH BUREAU,77TH STREET,77TH,12,1219,1219,214547.4921875,2247.66411262932
270,769,PD,CENTRAL BUREAU,NEWTON,NEWT,13,1372,1372,786147.8203125,3559.04472037225
271,770,PD,SOUTH BUREAU,77TH STREET,77TH,12,1215,1215,1152577.5546875,4494.35347824138
272,771,PD,CENTRAL BUREAU,NEWTON,NEWT,13,1375,1375,712230.99609375,3408.02213940494
273,772,PD,CENTRAL BUREAU,NEWTON,NEWT,13,1377,1377,783789.984375,3632.55191291709
274,773,PD,WEST BUREAU,PACIFIC,PAC,14,1431,1431,848771.87890625,3988.14359693404
275,774,PD,CENTRAL BUREAU,NEWTON,NEWT,13,1385,1385,1411098.60546875,4908.7321652524
276,775,PD,CENTRAL BUREAU,NEWTON,NEWT,13,1383,1383,882156.06640625,3726.50059400997
277,776,PD,CENTRAL BUREAU,NEWTON,NEWT,13,1381,1381,194979.453125,2081.56324189439
278,777,PD,SOUTH BUREAU,77TH STREET,77TH,12,1239,1239,1323729.23828125,5113.30330151398
279,778,PD,SOUTH BUREAU,77TH STREET,77TH,12,1248,1248,611803.07421875,3429.8291697564
280,779,PD,CENTRAL BUREAU,NEWTON,NEWT,13,1391,1391,317624.41796875,2845.24798202829
281,780,PD,SOUTH BUREAU,77TH STREET,77TH,12,1249,1249,811127.19921875,3735.97224768446
282,781,PD,CENTRAL BUREAU,NEWTON,NEWT,13,1395,1395,1443717.25390625,4951.23837944391
283,782,PD,CENTRAL BUREAU,NEWTON,NEWT,13,1394,1394,505179.50390625,3052.41166744759
284,783,PD,CENTRAL BUREAU,NEWTON,NEWT,13,1393,1393,505296.734375,3047.13380063928
285,784,PD,WEST BUREAU,PACIFIC,PAC,14,1451,1451,501914.21484375,5785.63679671585
286,785,PD,WEST BUREAU,PACIFIC,PAC,14,1475,1475,1897357.33203125,6059.35767127133
287,786,PD,WEST BUREAU,PACIFIC,PAC,14,1474,1474,1771163.46484375,5675.43200632966
288,787,PD,SOUTH BUREAU,77TH STREET,77TH,12,1256,1256,774842.47265625,4010.62891021515
289,788,PD,SOUTH BUREAU,77TH STREET,77TH,12,1258,1258,888807.140625,3774.9523082787
290,789,PD,WEST BUREAU,PACIFIC,PAC,14,1477,1477,1639000.68359375,5462.56533401368
291,790,PD,WEST BUREAU,PACIFIC,PAC,14,1476,1476,1138569.03125,4358.16530452544
292,791,PD,SOUTH BUREAU,77TH STREET,77TH,12,1268,1268,1019815.1796875,4040.15436753414
293,792,PD,WEST BUREAU,PACIFIC,PAC,14,1473,1473,1957750.87890625,7066.89693496342
294,793,PD,WEST BUREAU,PACIFIC,PAC,14,1471,1471,603590.6015625,5177.90114578716
295,794,PD,WEST BUREAU,PACIFIC,PAC,14,1483,1483,1856740.125,8274.00397468161
296,795,PD,WEST BUREAU,PACIFIC,PAC,14,1484,1484,236004.23828125,2324.37712403119
297,796,PD,WEST BUREAU,PACIFIC,PAC,14,1486,1486,1046798.36328125,6059.00406656374
298,797,PD,WEST BUREAU,PACIFIC,PAC,14,1485,1485,654037.75,4911.78052607081
299,798,PD,WEST BUREAU,PACIFIC,PAC,14,1487,1487,706495.3671875,4640.57073677047
300,799,PD,SOUTH BUREAU,SOUTHEAST,SOE,18,1802,1802,1348103.5625,4646.78233945007
301,800,PD,WEST BUREAU,PACIFIC,PAC,14,1495,1495,1003285.95703125,4075.71256325269
302,801,PD,WEST BUREAU,PACIFIC,PAC,14,1492,1492,1985496.27734375,7810.99621401914
303,802,PD,SOUTH BUREAU,SOUTHEAST,SOE,18,1822,1822,1633851.46875,5120.77458625909
304,803,PD,SOUTH BUREAU,SOUTHEAST,SOE,18,1821,1821,1162382.41796875,4324.71580657624
305,804,PD,WEST BUREAU,PACIFIC,PAC,14,1496,1496,514268.0546875,3242.08629575301
306,805,PD,SOUTH BUREAU,SOUTHEAST,SOE,18,1838,1838,503408.125,2972.55310877482
307,806,PD,SOUTH BUREAU,SOUTHEAST,SOE,18,1839,1839,570506.94140625,3196.6058025694
308,807,PD,SOUTH BUREAU,SOUTHEAST,SOE,18,1832,1832,712486.9765625,3893.13325210657
309,808,PD,SOUTH BUREAU,SOUTHEAST,SOE,18,1849,1849,875576.12890625,4012.1372556095
310,809,PD,SOUTH BUREAU,SOUTHEAST,SOE,18,1846,1846,690414.3828125,3378.54896785496
311,810,PD,SOUTH BUREAU,SOUTHEAST,SOE,18,1864,1864,991122.45703125,4021.41013095016
312,811,PD,SOUTH BUREAU,HARBOR,HARB,5,512,0512,639124.4921875,3814.66128041664
313,812,PD,SOUTH BUREAU,HARBOR,HARB,5,522,0522,463556.9765625,2780.81242526243
314,813,PD,SOUTH BUREAU,HARBOR,HARB,5,521,0521,8431522.703125,13031.2003678633
315,814,PD,SOUTH BUREAU,HARBOR,HARB,5,524,0524,678304.62109375,3525.00094059024
316,815,PD,SOUTH BUREAU,HARBOR,HARB,5,523,0523,2177960.61328125,8781.95672506469
317,816,PD,SOUTH BUREAU,HARBOR,HARB,5,589,0589,1627441.89453125,9951.361927113
318,817,PD,SOUTH BUREAU,HARBOR,HARB,5,587,0587,1232544.58203125,5718.24903117482
319,818,PD,SOUTH BUREAU,HARBOR,HARB,5,584,0584,2411040.9453125,7767.66898849985
320,819,PD,VALLEY BUREAU,MISSION,MISN,19,1913,1913,3246901.24609375,7317.73535544826
321,820,PD,VALLEY BUREAU,MISSION,MISN,19,1921,1921,2748089.359375,6810.14615002714
322,821,PD,VALLEY BUREAU,MISSION,MISN,19,1925,1925,1452596.36328125,5405.96743975891
323,822,PD,VALLEY BUREAU,MISSION,MISN,19,1924,1924,2604394.4765625,7585.84549850728
324,823,PD,VALLEY BUREAU,MISSION,MISN,19,1931,1931,1398615.8359375,5633.80461002317
325,824,PD,VALLEY BUREAU,FOOTHILL,FTHL,16,1619,1619,17849340.3671875,24820.448804054
326,825,PD,VALLEY BUREAU,FOOTHILL,FTHL,16,1605,1605,1369013.453125,4825.84859747291
327,826,PD,VALLEY BUREAU,FOOTHILL,FTHL,16,1606,1606,2212208.96484375,7414.92374448197
328,827,PD,VALLEY BUREAU,FOOTHILL,FTHL,16,1608,1608,4658070.08203125,13654.236921298
329,828,PD,VALLEY BUREAU,MISSION,MISN,19,1936,1936,417565.3046875,2729.20676205541
330,829,PD,VALLEY BUREAU,MISSION,MISN,19,1935,1935,1754490.2890625,5771.39283629169
331,830,PD,VALLEY BUREAU,FOOTHILL,FTHL,16,1615,1615,790082.15234375,4451.84178818421
332,831,PD,VALLEY BUREAU,FOOTHILL,FTHL,16,1634,1634,5559038.0703125,9159.03833383492
333,832,PD,VALLEY BUREAU,FOOTHILL,FTHL,16,1635,1635,3562529.1796875,9742.85750753487
334,833,PD,VALLEY BUREAU,FOOTHILL,FTHL,16,1639,1639,671511.046875,3312.41084599145
335,834,PD,VALLEY BUREAU,FOOTHILL,FTHL,16,1659,1659,2809730.3828125,7827.31310409042
336,835,PD,VALLEY BUREAU,FOOTHILL,FTHL,16,1668,1668,8972682.2265625,16686.6569683671
337,836,PD,VALLEY BUREAU,FOOTHILL,FTHL,16,1658,1658,1022833.80078125,4650.40257970918
338,837,PD,VALLEY BUREAU,FOOTHILL,FTHL,16,1667,1667,10569533.5117188,15476.344910033
339,838,PD,VALLEY BUREAU,DEVONSHIRE,DEV,17,1761,1761,6093961.1484375,13725.8919032778
340,839,PD,VALLEY BUREAU,FOOTHILL,FTHL,16,1669,1669,891247.6171875,5131.63225385465
341,840,PD,VALLEY BUREAU,TOPANGA,TOP,21,2101,2101,8121817.140625,15144.0760024957
342,841,PD,VALLEY BUREAU,FOOTHILL,FTHL,16,1675,1675,2895899.59375,7551.54696945313
343,842,PD,VALLEY BUREAU,FOOTHILL,FTHL,16,1679,1679,12017800.3203125,18068.6807014927
344,843,PD,VALLEY BUREAU,FOOTHILL,FTHL,16,1678,1678,6422958.05859375,14537.067689005
345,844,PD,VALLEY BUREAU,TOPANGA,TOP,21,2104,2104,645276.6328125,3573.25127690494
346,845,PD,VALLEY BUREAU,TOPANGA,TOP,21,2103,2103,3093224.93359375,8642.88516532478
347,846,PD,VALLEY BUREAU,TOPANGA,TOP,21,2102,2102,2945332.30859375,13022.8619606911
348,847,PD,VALLEY BUREAU,FOOTHILL,FTHL,16,1676,1676,860098.578125,7556.07413160072
349,848,PD,VALLEY BUREAU,FOOTHILL,FTHL,16,1677,1677,4631890.91015625,9768.76301684307
350,849,PD,VALLEY BUREAU,FOOTHILL,FTHL,16,1689,1689,483229.84375,4170.71760640288
351,850,PD,VALLEY BUREAU,FOOTHILL,FTHL,16,1687,1687,1880718.375,6736.70534107364
352,851,PD,VALLEY BUREAU,FOOTHILL,FTHL,16,1698,1698,2363492.26171875,7280.78575517365
353,852,PD,VALLEY BUREAU,FOOTHILL,FTHL,16,1699,1699,703864.35546875,3639.61728177766
354,853,PD,VALLEY BUREAU,FOOTHILL,FTHL,16,1695,1695,1051430.69921875,4939.18686567011
355,854,PD,VALLEY BUREAU,TOPANGA,TOP,21,2133,2133,3463092.73828125,9601.00950344253
356,855,PD,VALLEY BUREAU,TOPANGA,TOP,21,2132,2132,3155017.234375,7000.12821497841
357,856,PD,VALLEY BUREAU,NORTH HOLLYWOOD,NHWD,15,1506,1506,1488271.51171875,5035.30826487282
358,857,PD,VALLEY BUREAU,NORTH HOLLYWOOD,NHWD,15,1508,1508,400795.84375,2618.20734568447
359,858,PD,VALLEY BUREAU,NORTH HOLLYWOOD,NHWD,15,1509,1509,427471.32421875,2734.31668520318
360,859,PD,VALLEY BUREAU,TOPANGA,TOP,21,2142,2142,2582640.4765625,6570.01256199277
361,860,PD,VALLEY BUREAU,TOPANGA,TOP,21,2141,2141,4028861.53515625,9635.33566262657
362,861,PD,VALLEY BUREAU,NORTH HOLLYWOOD,NHWD,15,1519,1519,1320042.0078125,4959.30055409569
363,862,PD,VALLEY BUREAU,NORTH HOLLYWOOD,NHWD,15,1527,1527,1424735.5,4874.5968721593
364,863,PD,VALLEY BUREAU,NORTH HOLLYWOOD,NHWD,15,1529,1529,1146626.7890625,4261.0945326157
365,864,PD,VALLEY BUREAU,TOPANGA,TOP,21,2161,2161,3633955.78125,8896.7171496691
366,865,PD,VALLEY BUREAU,TOPANGA,TOP,21,2162,2162,2353047.171875,7465.40571430216
367,866,PD,VALLEY BUREAU,NORTH HOLLYWOOD,NHWD,15,1535,1535,951992.42578125,3904.88417012907
368,867,PD,VALLEY BUREAU,NORTH HOLLYWOOD,NHWD,15,1538,1538,953208.6484375,3906.52248024444
369,868,PD,VALLEY BUREAU,NORTH HOLLYWOOD,NHWD,15,1539,1539,1306875.84765625,4631.5431694568
370,869,PD,VALLEY BUREAU,NORTH HOLLYWOOD,NHWD,15,1547,1547,870383.74609375,5184.48572947974
371,870,PD,VALLEY BUREAU,NORTH HOLLYWOOD,NHWD,15,1549,1549,1518373.0546875,7097.82257307335
372,871,PD,VALLEY BUREAU,NORTH HOLLYWOOD,NHWD,15,1548,1548,952771.47265625,4861.39867072325
373,872,PD,VALLEY BUREAU,NORTH HOLLYWOOD,NHWD,15,1557,1557,1442469.53125,4877.39632508014
374,873,PD,VALLEY BUREAU,NORTH HOLLYWOOD,NHWD,15,1559,1559,1483911.94921875,5466.30249178957
375,874,PD,VALLEY BUREAU,NORTH HOLLYWOOD,NHWD,15,1569,1569,2196299.24609375,6151.97569167281
376,875,PD,VALLEY BUREAU,NORTH HOLLYWOOD,NHWD,15,1567,1567,465647.0703125,3580.17729198324
377,876,PD,VALLEY BUREAU,NORTH HOLLYWOOD,NHWD,15,1589,1589,7100523.4921875,11211.8044238041
378,877,PD,VALLEY BUREAU,NORTH HOLLYWOOD,NHWD,15,1586,1586,573441.74609375,3211.94475292821
379,878,PD,VALLEY BUREAU,NORTH HOLLYWOOD,NHWD,15,1588,1588,679668.10546875,5515.19130706806
380,879,PD,SOUTH BUREAU,SOUTHWEST,SOW,3,392,0392,1896508.36328125,5773.35232528728
381,880,PD,SOUTH BUREAU,77TH STREET,77TH,12,1203,1203,1629122.65625,5128.02833763751
382,881,PD,SOUTH BUREAU,77TH STREET,77TH,12,1211,1211,1897980.609375,6577.13271052412
383,882,PD,SOUTH BUREAU,77TH STREET,77TH,12,1213,1213,1113952.08984375,4398.97970614982
384,883,PD,SOUTH BUREAU,77TH STREET,77TH,12,1231,1231,1720703.5546875,6685.56180131208
385,884,PD,SOUTH BUREAU,77TH STREET,77TH,12,1233,1233,1136659.73828125,4499.23395656366
386,885,PD,SOUTH BUREAU,77TH STREET,77TH,12,1232,1232,1085595.15234375,5755.04747039899
387,886,PD,SOUTH BUREAU,77TH STREET,77TH,12,1242,1242,955600.359375,3908.61764244305
388,887,PD,SOUTH BUREAU,77TH STREET,77TH,12,1241,1241,1135889.89453125,4651.49681083567
389,888,PD,SOUTH BUREAU,77TH STREET,77TH,12,1243,1243,1712749.86328125,5269.24888892975
390,889,PD,SOUTH BUREAU,77TH STREET,77TH,12,1245,1245,1677723.79296875,5226.55603812047
391,890,PD,SOUTH BUREAU,77TH STREET,77TH,12,1252,1252,966580.81640625,3938.08021315245
392,891,PD,SOUTH BUREAU,77TH STREET,77TH,12,1251,1251,1264794.51953125,4933.54601595919
393,892,PD,SOUTH BUREAU,77TH STREET,77TH,12,1259,1259,1432131.16015625,4881.59705010209
394,893,PD,SOUTH BUREAU,77TH STREET,77TH,12,1253,1253,1428163.01953125,4882.65798432002
395,894,PD,SOUTH BUREAU,77TH STREET,77TH,12,1255,1255,1407858.0703125,4861.48054458293
396,895,PD,SOUTH BUREAU,77TH STREET,77TH,12,1257,1257,583503.3984375,3756.22367922424
397,896,PD,SOUTH BUREAU,77TH STREET,77TH,12,1266,1266,718619.41796875,3966.63312039652
398,897,PD,SOUTH BUREAU,77TH STREET,77TH,12,1265,1265,1490861.06640625,5137.87602480341
399,898,PD,SOUTH BUREAU,77TH STREET,77TH,12,1269,1269,1426969.921875,4904.47257451339
400,899,PD,SOUTH BUREAU,77TH STREET,77TH,12,1263,1263,1432183.796875,4877.62717847521
401,900,PD,SOUTH BUREAU,77TH STREET,77TH,12,1267,1267,834208.30859375,4117.36717172856
402,901,PD,SOUTH BUREAU,SOUTHEAST,SOE,18,1804,1804,503456.9296875,3037.96303623016
403,902,PD,SOUTH BUREAU,SOUTHEAST,SOE,18,1803,1803,356739.8359375,2440.41084105047
404,903,PD,SOUTH BUREAU,SOUTHEAST,SOE,18,1801,1801,1206384.35546875,4434.57120458019
405,904,PD,SOUTH BUREAU,77TH STREET,77TH,12,1273,1273,1894942.00390625,5840.18493550198
406,905,PD,SOUTH BUREAU,SOUTHEAST,SOE,18,1806,1806,607048.6875,3251.87423839757
407,906,PD,SOUTH BUREAU,SOUTHEAST,SOE,18,1805,1805,440523.62109375,2669.14243763386
408,907,PD,SOUTH BUREAU,SOUTHEAST,SOE,18,1826,1826,928698.30859375,4263.39936257317
409,908,PD,SOUTH BUREAU,SOUTHEAST,SOE,18,1827,1827,1184149.0625,4758.03962645633
410,909,PD,SOUTH BUREAU,SOUTHEAST,SOE,18,1824,1824,1746266.296875,5534.84194760088
411,910,PD,SOUTH BUREAU,77TH STREET,77TH,12,1283,1283,1980011.23046875,6802.47656224277
412,911,PD,SOUTH BUREAU,SOUTHEAST,SOE,18,1823,1823,979088.76171875,4147.37156938684
413,912,PD,SOUTH BUREAU,SOUTHEAST,SOE,18,1829,1829,687545.07421875,3394.46132313915
414,913,PD,SOUTH BUREAU,77TH STREET,77TH,12,1293,1293,443840.90234375,2920.69781355812
415,914,PD,SOUTH BUREAU,SOUTHEAST,SOE,18,1835,1835,333951.48046875,2304.09509715796
416,915,PD,SOUTH BUREAU,SOUTHEAST,SOE,18,1836,1836,609199.98828125,3894.1944516438
417,916,PD,SOUTH BUREAU,SOUTHEAST,SOE,18,1837,1837,1481583.87109375,5282.29234419142
418,917,PD,SOUTH BUREAU,SOUTHEAST,SOE,18,1841,1841,1533757.48046875,5052.44802122179
419,918,PD,SOUTH BUREAU,SOUTHEAST,SOE,18,1834,1834,927272.95703125,4965.39300546171
420,919,PD,SOUTH BUREAU,SOUTHEAST,SOE,18,1844,1844,1563696.4140625,5262.17762784941
421,920,PD,SOUTH BUREAU,SOUTHEAST,SOE,18,1842,1842,1417696.06640625,4834.03229279227
422,921,PD,SOUTH BUREAU,SOUTHEAST,SOE,18,1862,1862,1526050.16796875,5201.13767379791
423,922,PD,SOUTH BUREAU,SOUTHEAST,SOE,18,1863,1863,874113.359375,3790.44579817134
424,923,PD,SOUTH BUREAU,SOUTHEAST,SOE,18,1861,1861,985947.36328125,3970.45948129221
425,924,PD,SOUTH BUREAU,SOUTHEAST,SOE,18,1831,1831,1040731.3671875,4253.59343475894
426,925,PD,SOUTH BUREAU,SOUTHEAST,SOE,18,1851,1851,1020966.67578125,4046.07383225821
427,926,PD,SOUTH BUREAU,SOUTHEAST,SOE,18,1871,1871,1880157.66796875,5853.26373607494
428,927,PD,SOUTH BUREAU,SOUTHEAST,SOE,18,1881,1881,1880695.55078125,5951.58416007456
429,928,PD,SOUTH BUREAU,SOUTHEAST,SOE,18,1891,1891,1206388.84375,4521.99505354353
430,929,PD,SOUTH BUREAU,HARBOR,HARB,5,501,0501,3256532.30859375,9428.15773582174
431,930,PD,SOUTH BUREAU,HARBOR,HARB,5,502,0502,315056.73046875,2395.59228824413
432,931,PD,SOUTH BUREAU,HARBOR,HARB,5,504,0504,3543141.71484375,8537.62288442193
433,932,PD,SOUTH BUREAU,HARBOR,HARB,5,505,0505,1954824.1484375,7314.05720742964
434,933,PD,SOUTH BUREAU,HARBOR,HARB,5,506,0506,1565424.42578125,5105.31421488652
435,934,PD,SOUTH BUREAU,HARBOR,HARB,5,519,0519,6046769.6328125,20764.012887101
436,935,PD,SOUTH BUREAU,HARBOR,HARB,5,507,0507,1516924.4609375,5235.4633973376
437,936,PD,SOUTH BUREAU,HARBOR,HARB,5,508,0508,1207726.74609375,4929.21865717546
438,937,PD,SOUTH BUREAU,HARBOR,HARB,5,509,0509,1635443.81640625,5684.49580730168
439,938,PD,SOUTH BUREAU,HARBOR,HARB,5,518,0518,1494952.41796875,6272.10457210574
440,939,PD,SOUTH BUREAU,HARBOR,HARB,5,515,0515,1388482.06640625,4734.14253042637
441,940,PD,SOUTH BUREAU,HARBOR,HARB,5,514,0514,2122427.62890625,7297.39359562431
442,941,PD,SOUTH BUREAU,HARBOR,HARB,5,513,0513,3549319.234375,8795.22689058094
443,942,PD,SOUTH BUREAU,HARBOR,HARB,5,503,0503,1189096.1328125,4583.58219252184
444,943,PD,SOUTH BUREAU,HARBOR,HARB,5,511,0511,827866.03125,3650.85110262164
445,944,PD,SOUTH BUREAU,HARBOR,HARB,5,517,0517,1193179.3828125,4372.55474154987
446,945,PD,SOUTH BUREAU,HARBOR,HARB,5,528,0528,1215630.9140625,4632.9747859962
447,946,PD,SOUTH BUREAU,HARBOR,HARB,5,516,0516,704046.70703125,3494.08399130691
448,947,PD,SOUTH BUREAU,HARBOR,HARB,5,532,0532,749447.67578125,3613.2944860842
449,948,PD,SOUTH BUREAU,HARBOR,HARB,5,531,0531,745938.33203125,3672.23344939383
450,949,PD,SOUTH BUREAU,HARBOR,HARB,5,529,0529,9471318.4453125,13915.9848125688
451,950,PD,SOUTH BUREAU,HARBOR,HARB,5,526,0526,559080.828125,3023.82046182605
452,951,PD,SOUTH BUREAU,HARBOR,HARB,5,525,0525,1015522.95703125,4168.13952772833
453,952,PD,SOUTH BUREAU,HARBOR,HARB,5,527,0527,3980098.3984375,8085.46529112009
454,953,PD,SOUTH BUREAU,HARBOR,HARB,5,559,0559,11726033.0234375,21412.6228211486
455,954,PD,SOUTH BUREAU,HARBOR,HARB,5,541,0541,1511815.4296875,6278.03565331026
456,955,PD,SOUTH BUREAU,HARBOR,HARB,5,558,0558,3054532.9921875,8320.42889418182
457,956,PD,SOUTH BUREAU,HARBOR,HARB,5,555,0555,1318680.22265625,5064.62371112171
458,957,PD,SOUTH BUREAU,HARBOR,HARB,5,551,0551,3009830.9140625,9954.50150151193
459,958,PD,SOUTH BUREAU,HARBOR,HARB,5,557,0557,864498.515625,3779.38859947934
460,959,PD,SOUTH BUREAU,HARBOR,HARB,5,564,0564,767531.1640625,3514.73731763203
461,960,PD,SOUTH BUREAU,HARBOR,HARB,5,599,0599,14705966.7382813,22812.1746678321
462,961,PD,SOUTH BUREAU,HARBOR,HARB,5,561,0561,1363588.53515625,6187.25314981156
463,962,PD,SOUTH BUREAU,HARBOR,HARB,5,563,0563,1616203.80859375,5630.75082564374
464,963,PD,SOUTH BUREAU,HARBOR,HARB,5,565,0565,359027.54296875,2702.49327353258
465,964,PD,SOUTH BUREAU,HARBOR,HARB,5,562,0562,1112323.73046875,4581.89615986014
466,965,PD,SOUTH BUREAU,HARBOR,HARB,5,566,0566,705857.52734375,3357.61628374276
467,966,PD,SOUTH BUREAU,HARBOR,HARB,5,567,0567,661672.703125,5411.27172146175
468,967,PD,SOUTH BUREAU,HARBOR,HARB,5,569,0569,2548767.2265625,8805.57662961054
469,968,PD,SOUTH BUREAU,HARBOR,HARB,5,581,0581,2633610.05078125,6476.8259281601
470,969,PD,SOUTH BUREAU,HARBOR,HARB,5,583,0583,2154230.41796875,7459.31266245093
471,970,PD,SOUTH BUREAU,HARBOR,HARB,5,585,0585,1617498.48046875,5234.80249546382
472,971,PD,WEST BUREAU,WEST LOS ANGELES,WLA,8,807,0807,11238023.8359375,21680.4444720642
473,972,PD,WEST BUREAU,WEST LOS ANGELES,WLA,8,808,0808,11582771.9101563,20518.4335133542
474,973,PD,WEST BUREAU,WEST LOS ANGELES,WLA,8,801,0801,28414836.1328125,30137.3263158259
475,974,PD,WEST BUREAU,WEST LOS ANGELES,WLA,8,806,0806,12680592.4570313,25674.7543989894
476,975,PD,WEST BUREAU,WEST LOS ANGELES,WLA,8,809,0809,6853535.10546875,19052.2058408252
477,976,PD,WEST BUREAU,HOLLYWOOD,HWD,6,621,0621,2684841.57421875,9623.51646359104
478,977,PD,WEST BUREAU,HOLLYWOOD,HWD,6,632,0632,4648793.796875,13879.9964099782
479,978,PD,WEST BUREAU,HOLLYWOOD,HWD,6,645,0645,1073176.50390625,5279.66598057615
480,1,PD,VALLEY BUREAU,MISSION,MISN,19,1901,1901,5967865.76953125,11878.5846789033
481,502,PD,CENTRAL BUREAU,RAMPART,RAMP,2,237,0237,1037916.2578125,4868.2137582551
482,2,PD,CENTRAL BUREAU,RAMPART,RAMP,2,251,0251,238058.1796875,2543.12688052994
483,503,PD,CENTRAL BUREAU,RAMPART,RAMP,2,241,0241,249230.93359375,2082.52190767173
484,3,PD,CENTRAL BUREAU,RAMPART,RAMP,2,245,0245,699719.296875,3421.74409890055
485,4,PD,VALLEY BUREAU,DEVONSHIRE,DEV,17,1705,1705,15011197.59375,18058.8362713411
486,5,PD,WEST BUREAU,OLYMPIC,OLYM,20,2027,2027,472224.07421875,2908.86188383242
487,6,PD,WEST BUREAU,OLYMPIC,OLYM,20,2024,2024,473436.2890625,2917.16828226796
488,7,PD,VALLEY BUREAU,MISSION,MISN,19,1902,1902,4577939.69921875,9886.99173506746
489,8,PD,WEST BUREAU,WILSHIRE,WILS,7,733,0733,342781.72265625,2810.48940838231
490,9,PD,VALLEY BUREAU,MISSION,MISN,19,1903,1903,1495087.7890625,5390.79398947758
491,10,PD,VALLEY BUREAU,MISSION,MISN,19,1904,1904,2352256.11328125,7388.62269405439
492,11,PD,VALLEY BUREAU,MISSION,MISN,19,1906,1906,2051118.2890625,6912.82795784571
493,12,PD,VALLEY BUREAU,MISSION,MISN,19,1909,1909,4094130.9140625,10342.1586923972
494,13,PD,VALLEY BUREAU,MISSION,MISN,19,1908,1908,2770228.44140625,12542.3156721914
495,14,PD,VALLEY BUREAU,MISSION,MISN,19,1912,1912,2637214.7890625,7073.28188831043
496,15,PD,VALLEY BUREAU,MISSION,MISN,19,1905,1905,1040929.77734375,4086.75754908947
497,16,PD,VALLEY BUREAU,DEVONSHIRE,DEV,17,1708,1708,13812573.125,15707.8849837411
498,17,PD,VALLEY BUREAU,MISSION,MISN,19,1917,1917,523269.76171875,3112.85167345647
499,18,PD,VALLEY BUREAU,MISSION,MISN,19,1907,1907,2075384.83984375,7295.96785455978
500,19,PD,VALLEY BUREAU,MISSION,MISN,19,1911,1911,1374632.4609375,5174.06084620507
501,20,PD,VALLEY BUREAU,MISSION,MISN,19,1916,1916,1615027.39453125,5269.80350886552
502,21,PD,VALLEY BUREAU,MISSION,MISN,19,1918,1918,1524420.18359375,6392.32166691945
503,22,PD,VALLEY BUREAU,MISSION,MISN,19,1915,1915,1014889.50390625,4806.74015288854
504,23,PD,VALLEY BUREAU,MISSION,MISN,19,1919,1919,1997112.6015625,8714.16540361002
505,24,PD,VALLEY BUREAU,DEVONSHIRE,DEV,17,1701,1701,13395679.0585938,17535.9747656777
506,25,PD,VALLEY BUREAU,DEVONSHIRE,DEV,17,1707,1707,1666613.94921875,7040.78482007653
507,26,PD,VALLEY BUREAU,DEVONSHIRE,DEV,17,1715,1715,6251884.6328125,12187.575056627
508,27,PD,VALLEY BUREAU,DEVONSHIRE,DEV,17,1703,1703,1171434.63671875,5368.6231063155
509,28,PD,VALLEY BUREAU,FOOTHILL,FTHL,16,1603,1603,2617833.890625,7890.25146965894
510,29,PD,VALLEY BUREAU,DEVONSHIRE,DEV,17,1714,1714,3652281.76171875,13300.3168634356
511,30,PD,VALLEY BUREAU,DEVONSHIRE,DEV,17,1716,1716,2122926.91796875,7122.62005487909
512,31,PD,VALLEY BUREAU,FOOTHILL,FTHL,16,1601,1601,1673220.875,5621.15252046037
513,32,PD,VALLEY BUREAU,FOOTHILL,FTHL,16,1618,1618,6400243.8984375,15424.6252651295
514,33,PD,VALLEY BUREAU,DEVONSHIRE,DEV,17,1712,1712,2722572.78515625,6465.00133460423
515,34,PD,VALLEY BUREAU,FOOTHILL,FTHL,16,1602,1602,2213271.19921875,7127.37396728867
516,35,PD,VALLEY BUREAU,DEVONSHIRE,DEV,17,1713,1713,1640045.34375,5393.33189173698
517,36,PD,VALLEY BUREAU,DEVONSHIRE,DEV,17,1709,1709,673597.83984375,3787.00700302693
518,37,PD,VALLEY BUREAU,FOOTHILL,FTHL,16,1617,1617,6101287.4921875,14761.1281652804
519,38,PD,VALLEY BUREAU,FOOTHILL,FTHL,16,1611,1611,1399787.66015625,4925.99646701496
520,39,PD,VALLEY BUREAU,FOOTHILL,FTHL,16,1614,1614,88045.88671875,1406.16693184743
521,40,PD,VALLEY BUREAU,FOOTHILL,FTHL,16,1613,1613,782156.203125,3993.73274855359
522,41,PD,VALLEY BUREAU,FOOTHILL,FTHL,16,1612,1612,1770580.94140625,5368.91628560206
523,42,PD,VALLEY BUREAU,DEVONSHIRE,DEV,17,1729,1729,2664320.53125,7470.91925803931
524,43,PD,VALLEY BUREAU,DEVONSHIRE,DEV,17,1717,1717,1212863.3203125,5734.54642049162
525,44,PD,VALLEY BUREAU,MISSION,MISN,19,1944,1944,1425699.0078125,6303.20875244537
526,45,PD,VALLEY BUREAU,DEVONSHIRE,DEV,17,1718,1718,1403356.9453125,4734.94916240744
527,46,PD,VALLEY BUREAU,DEVONSHIRE,DEV,17,1719,1719,87789.32421875,1365.05669243155
528,47,PD,VALLEY BUREAU,MISSION,MISN,19,1934,1934,311013.39453125,2590.64149914006
529,48,PD,VALLEY BUREAU,DEVONSHIRE,DEV,17,1721,1721,10813396.4335938,14256.6747210238
530,49,PD,VALLEY BUREAU,DEVONSHIRE,DEV,17,1728,1728,2653753.875,7042.45035801155
531,50,PD,VALLEY BUREAU,DEVONSHIRE,DEV,17,1737,1737,2302040.7109375,6106.78854221087
532,51,PD,VALLEY BUREAU,FOOTHILL,FTHL,16,1633,1633,1256437.76953125,4858.09613462
533,52,PD,VALLEY BUREAU,FOOTHILL,FTHL,16,1622,1622,1864962.6015625,6571.47550729606
534,53,PD,VALLEY BUREAU,DEVONSHIRE,DEV,17,1727,1727,3865033.81640625,7885.50822057813
535,54,PD,VALLEY BUREAU,DEVONSHIRE,DEV,17,1723,1723,5701925.140625,10097.1324171724
536,55,PD,VALLEY BUREAU,MISSION,MISN,19,1943,1943,1834555.8828125,6400.92300564945
537,56,PD,VALLEY BUREAU,DEVONSHIRE,DEV,17,1725,1725,3006855.515625,7284.82659425545
538,57,PD,VALLEY BUREAU,FOOTHILL,FTHL,16,1636,1636,2694252.4765625,9308.48307290754
539,58,PD,VALLEY BUREAU,FOOTHILL,FTHL,16,1623,1623,814038.45703125,4111.56953510319
540,59,PD,VALLEY BUREAU,DEVONSHIRE,DEV,17,1735,1735,2746369.76171875,7694.1465102593
541,60,PD,VALLEY BUREAU,MISSION,MISN,19,1941,1941,596184.70703125,3276.79734889579
542,61,PD,VALLEY BUREAU,DEVONSHIRE,DEV,17,1738,1738,1166479.6328125,4571.88242111432
543,62,PD,VALLEY BUREAU,FOOTHILL,FTHL,16,1645,1645,2286475.765625,5907.60518215697
544,63,PD,VALLEY BUREAU,DEVONSHIRE,DEV,17,1739,1739,495539.21875,4503.82843690487
545,64,PD,VALLEY BUREAU,FOOTHILL,FTHL,16,1621,1621,1331397.3828125,4978.92832285271
546,65,PD,VALLEY BUREAU,FOOTHILL,FTHL,16,1654,1654,2437948.04296875,7228.03005436389
547,66,PD,VALLEY BUREAU,MISSION,MISN,19,1945,1945,804852.15234375,6584.88164757574
548,67,PD,VALLEY BUREAU,FOOTHILL,FTHL,16,1637,1637,1823173.92578125,6096.82714999971
549,68,PD,VALLEY BUREAU,FOOTHILL,FTHL,16,1643,1643,870400.36328125,4294.12780355849
550,69,PD,VALLEY BUREAU,FOOTHILL,FTHL,16,1655,1655,7306853.28515625,11044.3917040687
551,70,PD,VALLEY BUREAU,DEVONSHIRE,DEV,17,1745,1745,2942843.71875,7888.21758992186
552,71,PD,VALLEY BUREAU,DEVONSHIRE,DEV,17,1722,1722,1462837.8984375,5244.14577862204
553,72,PD,VALLEY BUREAU,DEVONSHIRE,DEV,17,1747,1747,1420963.12890625,4879.4247524512
554,73,PD,VALLEY BUREAU,DEVONSHIRE,DEV,17,1743,1743,1195551.0546875,4680.75005805145
555,74,PD,VALLEY BUREAU,DEVONSHIRE,DEV,17,1749,1749,1848732.56640625,5751.02732339241
556,75,PD,VALLEY BUREAU,MISSION,MISN,19,1959,1959,1598134.30859375,6001.23372927737
557,76,PD,VALLEY BUREAU,MISSION,MISN,19,1954,1954,1903864.61328125,5869.97092955622
558,77,PD,VALLEY BUREAU,MISSION,MISN,19,1951,1951,526956.41015625,3026.90890754008
559,78,PD,VALLEY BUREAU,MISSION,MISN,19,1955,1955,1235939.7734375,4405.22345743596
560,79,PD,VALLEY BUREAU,FOOTHILL,FTHL,16,1642,1642,780466.3828125,4177.72171854761
561,80,PD,VALLEY BUREAU,MISSION,MISN,19,1958,1958,1860929.7265625,6783.99455637273
562,81,PD,VALLEY BUREAU,FOOTHILL,FTHL,16,1638,1638,1673849.3984375,5543.89550576215
563,82,PD,VALLEY BUREAU,FOOTHILL,FTHL,16,1665,1665,4559492.125,11090.8803358372
564,83,PD,VALLEY BUREAU,FOOTHILL,FTHL,16,1641,1641,1466588.87109375,5033.87951459162
565,84,PD,VALLEY BUREAU,FOOTHILL,FTHL,16,1656,1656,5530261.046875,12744.3614914527
566,85,PD,VALLEY BUREAU,DEVONSHIRE,DEV,17,1756,1756,2281871.4921875,6586.53909018016
567,86,PD,VALLEY BUREAU,DEVONSHIRE,DEV,17,1751,1751,1897318.87109375,6217.75827233878
568,87,PD,VALLEY BUREAU,DEVONSHIRE,DEV,17,1752,1752,1547483.31640625,5052.57563274181
569,88,PD,VALLEY BUREAU,DEVONSHIRE,DEV,17,1753,1753,1429217.078125,4867.77722773464
570,89,PD,VALLEY BUREAU,DEVONSHIRE,DEV,17,1757,1757,1233163.01171875,4557.96992556613
571,90,PD,VALLEY BUREAU,DEVONSHIRE,DEV,17,1763,1763,1191512.15234375,4493.36195469617
572,91,PD,VALLEY BUREAU,DEVONSHIRE,DEV,17,1764,1764,3314274.91796875,8360.38028963852
573,92,PD,VALLEY BUREAU,DEVONSHIRE,DEV,17,1765,1765,1150878.171875,4461.37831531445
574,93,PD,VALLEY BUREAU,DEVONSHIRE,DEV,17,1754,1754,1243098.73046875,4577.2975598724
575,94,PD,VALLEY BUREAU,DEVONSHIRE,DEV,17,1755,1755,889236.7265625,4566.1032340998
576,95,PD,VALLEY BUREAU,DEVONSHIRE,DEV,17,1758,1758,1015518.80859375,3992.31878341914
577,96,PD,VALLEY BUREAU,DEVONSHIRE,DEV,17,1759,1759,1025335.66796875,4049.63633809011
578,97,PD,VALLEY BUREAU,MISSION,MISN,19,1956,1956,909181.5625,4112.80844956181
579,98,PD,VALLEY BUREAU,MISSION,MISN,19,1952,1952,527214.70703125,3037.18718775811
580,99,PD,VALLEY BUREAU,FOOTHILL,FTHL,16,1653,1653,1646929.1328125,5254.78656661936
581,100,PD,VALLEY BUREAU,FOOTHILL,FTHL,16,1657,1657,957380.99609375,4457.130952588
582,101,PD,VALLEY BUREAU,FOOTHILL,FTHL,16,1664,1664,4554405.671875,9249.84990173813
583,102,PD,VALLEY BUREAU,FOOTHILL,FTHL,16,1651,1651,1464292.4375,5029.8237718164
584,103,PD,VALLEY BUREAU,DEVONSHIRE,DEV,17,1774,1774,896678.67578125,4855.89070527018
585,104,PD,VALLEY BUREAU,DEVONSHIRE,DEV,17,1787,1787,1488805.84375,7483.82162926127
586,105,PD,VALLEY BUREAU,MISSION,MISN,19,1963,1963,624070.8359375,3696.33166081183
587,106,PD,VALLEY BUREAU,DEVONSHIRE,DEV,17,1768,1768,1900311.515625,5844.79465532545
588,107,PD,VALLEY BUREAU,DEVONSHIRE,DEV,17,1762,1762,2797428.515625,7720.59665624785
589,108,PD,VALLEY BUREAU,MISSION,MISN,19,1969,1969,1621671.36328125,5782.75111063332
590,109,PD,VALLEY BUREAU,DEVONSHIRE,DEV,17,1772,1772,1589765.61328125,6002.8150766138
591,110,PD,VALLEY BUREAU,DEVONSHIRE,DEV,17,1776,1776,1839431.4375,5939.32893403647
592,111,PD,VALLEY BUREAU,DEVONSHIRE,DEV,17,1766,1766,1343168.6875,5072.88405686312
593,112,PD,VALLEY BUREAU,DEVONSHIRE,DEV,17,1777,1777,1960008.9296875,5984.67419143738
594,113,PD,VALLEY BUREAU,DEVONSHIRE,DEV,17,1767,1767,2319809.7578125,6706.74041744902
595,114,PD,VALLEY BUREAU,DEVONSHIRE,DEV,17,1778,1778,949302.1484375,3899.71460407404
596,115,PD,VALLEY BUREAU,DEVONSHIRE,DEV,17,1779,1779,1687902.62890625,6654.4909343432
597,116,PD,VALLEY BUREAU,MISSION,MISN,19,1961,1961,1166134.36328125,5065.84684741616
598,117,PD,VALLEY BUREAU,MISSION,MISN,19,1962,1962,2694420.8046875,6891.89105774969
599,118,PD,VALLEY BUREAU,MISSION,MISN,19,1967,1967,2382744.23828125,6191.02556305451
600,119,PD,VALLEY BUREAU,FOOTHILL,FTHL,16,1663,1663,3323261.63671875,7600.96978617768
601,120,PD,VALLEY BUREAU,DEVONSHIRE,DEV,17,1771,1771,1608333.8046875,6497.77180233215
602,121,PD,VALLEY BUREAU,DEVONSHIRE,DEV,17,1775,1775,1912023.25390625,5857.97582472539
603,122,PD,VALLEY BUREAU,DEVONSHIRE,DEV,17,1783,1783,1064419.6015625,4735.49556539801
604,123,PD,VALLEY BUREAU,DEVONSHIRE,DEV,17,1773,1773,478761.69921875,2933.18726351231
605,124,PD,VALLEY BUREAU,MISSION,MISN,19,1966,1966,799493.41015625,3752.03575779898
606,125,PD,VALLEY BUREAU,MISSION,MISN,19,1964,1964,729576.08984375,3465.47739295856
607,126,PD,VALLEY BUREAU,DEVONSHIRE,DEV,17,1781,1781,3229918.203125,7970.10004333022
608,127,PD,VALLEY BUREAU,MISSION,MISN,19,1977,1977,1821889.03515625,5526.13426622082
609,128,PD,VALLEY BUREAU,FOOTHILL,FTHL,16,1661,1661,429718.046875,2877.45896750067
610,129,PD,VALLEY BUREAU,DEVONSHIRE,DEV,17,1785,1785,2670106.46875,6923.91290002496
611,130,PD,VALLEY BUREAU,MISSION,MISN,19,1979,1979,827057.21484375,4080.807158354
612,131,PD,VALLEY BUREAU,DEVONSHIRE,DEV,17,1782,1782,1534991.79296875,5526.58985181988
613,132,PD,VALLEY BUREAU,FOOTHILL,FTHL,16,1672,1672,970125.9296875,4111.33370874629
614,133,PD,VALLEY BUREAU,DEVONSHIRE,DEV,17,1788,1788,1891204.2421875,5840.56124005198
615,134,PD,VALLEY BUREAU,TOPANGA,TOP,21,2106,2106,488385.66015625,3010.95104885751
616,135,PD,VALLEY BUREAU,DEVONSHIRE,DEV,17,1796,1796,1149808.58984375,5140.24281576343
617,136,PD,VALLEY BUREAU,DEVONSHIRE,DEV,17,1797,1797,2643755.77734375,6710.71469791698
618,137,PD,VALLEY BUREAU,DEVONSHIRE,DEV,17,1798,1798,1301882.6953125,4625.81419430295
619,138,PD,VALLEY BUREAU,MISSION,MISN,19,1971,1971,300273.609375,2207.96654440114
620,139,PD,VALLEY BUREAU,MISSION,MISN,19,1972,1972,496763.16015625,3057.05284379934
621,140,PD,VALLEY BUREAU,MISSION,MISN,19,1974,1974,526368.23046875,3338.30452176916
622,141,PD,VALLEY BUREAU,MISSION,MISN,19,1975,1975,297529.30078125,2639.74120094382
623,142,PD,VALLEY BUREAU,MISSION,MISN,19,1988,1988,1947560.75390625,5899.00333549334
624,143,PD,VALLEY BUREAU,FOOTHILL,FTHL,16,1681,1681,2298534.390625,6401.13143937682
625,144,PD,VALLEY BUREAU,MISSION,MISN,19,1987,1987,2046225.50390625,6348.67953688544
626,145,PD,VALLEY BUREAU,MISSION,MISN,19,1985,1985,1302521.2109375,4994.15653711184
627,146,PD,VALLEY BUREAU,MISSION,MISN,19,1989,1989,1579651.26953125,5677.14070150583
628,147,PD,VALLEY BUREAU,DEVONSHIRE,DEV,17,1793,1793,1231103.140625,4640.47626175189
629,148,PD,VALLEY BUREAU,MISSION,MISN,19,1981,1981,864275.8671875,4053.80060534097
630,149,PD,VALLEY BUREAU,MISSION,MISN,19,1982,1982,470174.78125,2864.15309780638
631,150,PD,VALLEY BUREAU,MISSION,MISN,19,1984,1984,906743.4140625,4110.50226231923
632,151,PD,VALLEY BUREAU,DEVONSHIRE,DEV,17,1794,1794,2415238.37109375,6691.95197728722
633,152,PD,VALLEY BUREAU,FOOTHILL,FTHL,16,1682,1682,717969.53125,4046.82824724188
634,153,PD,VALLEY BUREAU,FOOTHILL,FTHL,16,1673,1673,284283.3359375,2457.48963614064
635,154,PD,VALLEY BUREAU,TOPANGA,TOP,21,2105,2105,1057787.36328125,4056.89834321324
636,155,PD,VALLEY BUREAU,DEVONSHIRE,DEV,17,1795,1795,2796000.3671875,7547.19352179549
637,156,PD,VALLEY BUREAU,TOPANGA,TOP,21,2107,2107,1008110.61328125,4130.31016751139
638,157,PD,VALLEY BUREAU,DEVONSHIRE,DEV,17,1791,1791,2233389.27734375,6694.10748619252
639,158,PD,VALLEY BUREAU,DEVONSHIRE,DEV,17,1792,1792,2067041.109375,6017.7212910552
640,159,PD,VALLEY BUREAU,DEVONSHIRE,DEV,17,1799,1799,1258464.6953125,4580.76734824547
641,160,PD,VALLEY BUREAU,MISSION,MISN,19,1983,1983,818800.57421875,3682.05376938358
642,161,PD,VALLEY BUREAU,FOOTHILL,FTHL,16,1684,1684,2098609.765625,6451.43423665334
643,162,PD,VALLEY BUREAU,FOOTHILL,FTHL,16,1685,1685,2307974.15234375,6702.51653297319
644,163,PD,VALLEY BUREAU,TOPANGA,TOP,21,2111,2111,5886116.0625,15784.8903903775
645,164,PD,VALLEY BUREAU,WEST VALLEY,WVAL,10,1008,1008,6844600.69140625,14110.3997652646
646,165,PD,VALLEY BUREAU,MISSION,MISN,19,1999,1999,1763494.87109375,6115.09965498367
647,166,PD,VALLEY BUREAU,MISSION,MISN,19,1998,1998,2515757.0234375,6827.38797659247
648,167,PD,VALLEY BUREAU,MISSION,MISN,19,1994,1994,790537.91015625,5988.6176411411
649,168,PD,VALLEY BUREAU,MISSION,MISN,19,1993,1993,836352.953125,3745.06756491577
650,169,PD,VALLEY BUREAU,WEST VALLEY,WVAL,10,1009,1009,856590.58203125,5417.8747414921
651,170,PD,VALLEY BUREAU,MISSION,MISN,19,1991,1991,536181.77734375,2955.63947548631
652,171,PD,VALLEY BUREAU,WEST VALLEY,WVAL,10,1007,1007,1614607.890625,5233.90586303705
653,172,PD,VALLEY BUREAU,WEST VALLEY,WVAL,10,1006,1006,1659109.34765625,5358.94793022753
654,173,PD,VALLEY BUREAU,WEST VALLEY,WVAL,10,1005,1005,1639296.16015625,5316.15040494986
655,174,PD,VALLEY BUREAU,WEST VALLEY,WVAL,10,1004,1004,1620819.46484375,5278.00089660875
656,175,PD,VALLEY BUREAU,WEST VALLEY,WVAL,10,1003,1003,1570891.81640625,5377.98829012816
657,176,PD,VALLEY BUREAU,WEST VALLEY,WVAL,10,1001,1001,3216925.05078125,7169.75992939983
658,177,PD,VALLEY BUREAU,TOPANGA,TOP,21,2129,2129,1566834.5078125,5163.44746728079
659,178,PD,VALLEY BUREAU,TOPANGA,TOP,21,2118,2118,1556722.10546875,6453.24896630693
660,179,PD,VALLEY BUREAU,TOPANGA,TOP,21,2126,2126,2139959.51953125,6018.92888541373
661,180,PD,VALLEY BUREAU,TOPANGA,TOP,21,2115,2115,531108.56640625,3012.40727691717
662,181,PD,VALLEY BUREAU,TOPANGA,TOP,21,2114,2114,1472911.48828125,4974.75464217864
663,182,PD,VALLEY BUREAU,TOPANGA,TOP,21,2113,2113,1927732.26953125,5680.44809701612
664,183,PD,VALLEY BUREAU,NORTH HOLLYWOOD,NHWD,15,1501,1501,2201558.79296875,6216.67517232153
665,184,PD,VALLEY BUREAU,NORTH HOLLYWOOD,NHWD,15,1502,1502,1640287.5234375,5984.21471089439
666,185,PD,VALLEY BUREAU,FOOTHILL,FTHL,16,1691,1691,709324.8671875,3913.04150623519
667,186,PD,VALLEY BUREAU,MISSION,MISN,19,1995,1995,528597.1171875,2930.52210338417
668,187,PD,VALLEY BUREAU,WEST VALLEY,WVAL,10,1018,1018,1778775.03125,6788.15018979488
669,188,PD,VALLEY BUREAU,WEST VALLEY,WVAL,10,1019,1019,367904.55078125,4514.06720764248
670,189,PD,VALLEY BUREAU,VAN NUYS,VNYS,9,901,0901,1564115.84375,5567.82033300415
671,190,PD,VALLEY BUREAU,TOPANGA,TOP,21,2125,2125,916903.26953125,3830.94025649794
672,191,PD,VALLEY BUREAU,TOPANGA,TOP,21,2128,2128,946423.37890625,3892.42346236158
673,192,PD,VALLEY BUREAU,FOOTHILL,FTHL,16,1693,1693,1226881.4921875,4889.1650427742
674,193,PD,VALLEY BUREAU,VAN NUYS,VNYS,9,904,0904,2247780.37109375,7219.30393978746
675,194,PD,VALLEY BUREAU,VAN NUYS,VNYS,9,906,0906,1267340.75,4577.01297027171
676,195,PD,VALLEY BUREAU,VAN NUYS,VNYS,9,909,0909,1450488.3125,5001.04266249574
677,196,PD,VALLEY BUREAU,TOPANGA,TOP,21,2134,2134,2319681.203125,6292.75359456424
678,197,PD,VALLEY BUREAU,TOPANGA,TOP,21,2136,2136,1432646.95703125,4887.08706227772
679,198,PD,VALLEY BUREAU,TOPANGA,TOP,21,2137,2137,1070971.58203125,4145.15195465223
680,199,PD,VALLEY BUREAU,TOPANGA,TOP,21,2138,2138,833834.62890625,3666.2627609959
681,200,PD,VALLEY BUREAU,TOPANGA,TOP,21,2139,2139,1427169.34765625,4872.13986851499
682,201,PD,VALLEY BUREAU,WEST VALLEY,WVAL,10,1011,1011,1984413.87890625,6015.67604102503
683,202,PD,VALLEY BUREAU,WEST VALLEY,WVAL,10,1012,1012,863503.3515625,3727.21884841764
684,203,PD,VALLEY BUREAU,WEST VALLEY,WVAL,10,1015,1015,1899544.51171875,5843.11123466149
685,204,PD,VALLEY BUREAU,WEST VALLEY,WVAL,10,1017,1017,1895553.9453125,5841.88078986346
686,205,PD,VALLEY BUREAU,VAN NUYS,VNYS,9,905,0905,951196.09765625,3897.62313731546
687,206,PD,VALLEY BUREAU,NORTH HOLLYWOOD,NHWD,15,1503,1503,1932619.48828125,6546.00922898073
688,207,PD,VALLEY BUREAU,NORTH HOLLYWOOD,NHWD,15,1504,1504,1043544.08984375,4118.36592954117
689,208,PD,VALLEY BUREAU,TOPANGA,TOP,21,2131,2131,1669450.16796875,5469.67206139858
690,209,PD,VALLEY BUREAU,NORTH HOLLYWOOD,NHWD,15,1505,1505,1271021.94140625,4583.46655550058
691,210,PD,VALLEY BUREAU,NORTH HOLLYWOOD,NHWD,15,1511,1511,974671.0390625,4247.54551874552
692,211,PD,VALLEY BUREAU,NORTH HOLLYWOOD,NHWD,15,1512,1512,930074.2578125,4819.01404789767
693,212,PD,VALLEY BUREAU,NORTH HOLLYWOOD,NHWD,15,1513,1513,1270610.0703125,4938.51337834931
694,213,PD,VALLEY BUREAU,TOPANGA,TOP,21,2146,2146,1431741.43359375,4877.79469311939
695,214,PD,VALLEY BUREAU,TOPANGA,TOP,21,2147,2147,876790.50390625,4019.37799120919
696,215,PD,VALLEY BUREAU,TOPANGA,TOP,21,2148,2148,1371080.50390625,4823.45031160901
697,216,PD,VALLEY BUREAU,TOPANGA,TOP,21,2149,2149,1389483.9453125,4756.20530298923
698,217,PD,VALLEY BUREAU,WEST VALLEY,WVAL,10,1021,1021,1482534.015625,5206.59464658082
699,218,PD,VALLEY BUREAU,WEST VALLEY,WVAL,10,1023,1023,1924226.77734375,5947.83035178625
700,219,PD,VALLEY BUREAU,WEST VALLEY,WVAL,10,1024,1024,1267323.85546875,4563.977099251
701,220,PD,VALLEY BUREAU,WEST VALLEY,WVAL,10,1025,1025,1901871.55859375,5841.85542154879
702,221,PD,VALLEY BUREAU,WEST VALLEY,WVAL,10,1027,1027,1909152.765625,5848.36747173534
703,222,PD,VALLEY BUREAU,WEST VALLEY,WVAL,10,1028,1028,1900448.2890625,5856.11078357305
704,223,PD,VALLEY BUREAU,WEST VALLEY,WVAL,10,1029,1029,1284973.43359375,4634.94226217982
705,224,PD,VALLEY BUREAU,VAN NUYS,VNYS,9,911,0911,1735049.359375,5623.38265341565
706,225,PD,VALLEY BUREAU,VAN NUYS,VNYS,9,914,0914,1896473.3125,5846.14572377355
707,226,PD,VALLEY BUREAU,VAN NUYS,VNYS,9,915,0915,958258.1640625,3909.41262828126
708,227,PD,VALLEY BUREAU,VAN NUYS,VNYS,9,916,0916,947085.63671875,3897.14801482405
709,228,PD,VALLEY BUREAU,NORTH HOLLYWOOD,NHWD,15,1515,1515,861193.36328125,4721.63428670766
710,229,PD,VALLEY BUREAU,VAN NUYS,VNYS,9,919,0919,1169852.81640625,4513.80948463473
711,230,PD,VALLEY BUREAU,NORTH HOLLYWOOD,NHWD,15,1521,1521,732805.85546875,3514.88261883582
712,231,PD,VALLEY BUREAU,NORTH HOLLYWOOD,NHWD,15,1522,1522,1149319.62109375,5444.07108873091
713,232,PD,VALLEY BUREAU,NORTH HOLLYWOOD,NHWD,15,1516,1516,1110478.66796875,4250.23592236221
714,233,PD,VALLEY BUREAU,TOPANGA,TOP,21,2144,2144,2454153.69921875,6977.31295687624
715,234,PD,VALLEY BUREAU,TOPANGA,TOP,21,2145,2145,1495594.7265625,4933.36596289936
716,235,PD,VALLEY BUREAU,TOPANGA,TOP,21,2143,2143,2226056.83984375,6805.15540853843
717,236,PD,VALLEY BUREAU,NORTH HOLLYWOOD,NHWD,15,1517,1517,881824.3828125,3794.42241337177
718,237,PD,VALLEY BUREAU,NORTH HOLLYWOOD,NHWD,15,1514,1514,472775.34375,2920.28601483427
719,238,PD,VALLEY BUREAU,TOPANGA,TOP,21,2157,2157,2090701.234375,7106.77256065905
720,239,PD,VALLEY BUREAU,TOPANGA,TOP,21,2156,2156,1828069.44921875,5737.77830458796
721,240,PD,VALLEY BUREAU,TOPANGA,TOP,21,2158,2158,4070555.8125,9364.0604621966
722,241,PD,VALLEY BUREAU,WEST VALLEY,WVAL,10,1035,1035,1901687.515625,5752.1657332743
723,242,PD,VALLEY BUREAU,WEST VALLEY,WVAL,10,1037,1037,2258334.49609375,6314.99648094155
724,243,PD,VALLEY BUREAU,WEST VALLEY,WVAL,10,1039,1039,1267954.2265625,4545.1341101476
725,244,PD,VALLEY BUREAU,VAN NUYS,VNYS,9,923,0923,1899834.13671875,5833.27024093803
726,245,PD,VALLEY BUREAU,VAN NUYS,VNYS,9,926,0926,1902662.84765625,5842.12438617355
727,246,PD,VALLEY BUREAU,VAN NUYS,VNYS,9,929,0929,745671.19921875,4600.41970258208
728,247,PD,VALLEY BUREAU,TOPANGA,TOP,21,2159,2159,628175.55078125,3387.56102347671
729,248,PD,VALLEY BUREAU,WEST VALLEY,WVAL,10,1031,1031,929832.97265625,3872.94698201896
730,249,PD,VALLEY BUREAU,WEST VALLEY,WVAL,10,1033,1033,2196263.16796875,6217.33091436992
731,250,PD,VALLEY BUREAU,WEST VALLEY,WVAL,10,1034,1034,2076452.44140625,7401.92405948813
732,251,PD,VALLEY BUREAU,NORTH HOLLYWOOD,NHWD,15,1523,1523,1394235.0234375,4830.45120912622
733,252,PD,VALLEY BUREAU,NORTH HOLLYWOOD,NHWD,15,1532,1532,1871608.50390625,6428.74640863773
734,253,PD,VALLEY BUREAU,NORTH HOLLYWOOD,NHWD,15,1525,1525,1950715.58203125,6272.16666969197
735,254,PD,VALLEY BUREAU,NORTH HOLLYWOOD,NHWD,15,1524,1524,508156.8515625,3226.02468498517
736,255,PD,VALLEY BUREAU,NORTH HOLLYWOOD,NHWD,15,1526,1526,1425395.01953125,4867.29815205432
737,256,PD,VALLEY BUREAU,TOPANGA,TOP,21,2169,2169,1679049.734375,5521.22066236448
738,257,PD,VALLEY BUREAU,TOPANGA,TOP,21,2155,2155,959462.70703125,4022.53595794352
739,258,PD,VALLEY BUREAU,WEST VALLEY,WVAL,10,1049,1049,9893314.97265625,12946.8743277479
740,259,PD,VALLEY BUREAU,VAN NUYS,VNYS,9,931,0931,537756.5078125,3055.26617200148
741,260,PD,VALLEY BUREAU,VAN NUYS,VNYS,9,932,0932,1002080.98828125,4567.4700171967
742,261,PD,VALLEY BUREAU,VAN NUYS,VNYS,9,933,0933,600294.05859375,3587.36917861578
743,262,PD,VALLEY BUREAU,VAN NUYS,VNYS,9,935,0935,796388.41796875,3584.32766495273
744,263,PD,VALLEY BUREAU,VAN NUYS,VNYS,9,937,0937,796490.19140625,3660.50870842568
745,264,PD,VALLEY BUREAU,VAN NUYS,VNYS,9,938,0938,1332410.6953125,5281.40734672502
746,265,PD,VALLEY BUREAU,VAN NUYS,VNYS,9,939,0939,2241962.09375,6714.33344390567
747,266,PD,VALLEY BUREAU,WEST VALLEY,WVAL,10,1047,1047,3208966.5703125,7548.78348264576
748,267,PD,VALLEY BUREAU,VAN NUYS,VNYS,9,941,0941,2549902.63671875,8316.36358671091
749,268,PD,VALLEY BUREAU,WEST VALLEY,WVAL,10,1041,1041,2538306.33203125,7286.06727580652
750,269,PD,VALLEY BUREAU,NORTH HOLLYWOOD,NHWD,15,1533,1533,425208.17578125,3616.13127685379
751,270,PD,VALLEY BUREAU,WEST VALLEY,WVAL,10,1043,1043,504520.296875,2962.81426853485
752,271,PD,VALLEY BUREAU,TOPANGA,TOP,21,2177,2177,4827306.8671875,10279.3369567638
753,272,PD,VALLEY BUREAU,WEST VALLEY,WVAL,10,1044,1044,604986.7421875,3244.29551566566
754,273,PD,VALLEY BUREAU,WEST VALLEY,WVAL,10,1045,1045,1703760.015625,5413.52651169281
755,274,PD,VALLEY BUREAU,VAN NUYS,VNYS,9,943,0943,1565555.42578125,5057.78888704964
756,275,PD,VALLEY BUREAU,VAN NUYS,VNYS,9,946,0946,1581532.2734375,5152.1152367517
757,276,PD,VALLEY BUREAU,VAN NUYS,VNYS,9,948,0948,1196014.73828125,5206.22688209616
758,277,PD,VALLEY BUREAU,TOPANGA,TOP,21,2175,2175,2883215.17578125,7024.82154594428
759,278,PD,VALLEY BUREAU,NORTH HOLLYWOOD,NHWD,15,1531,1531,1388677.88671875,4943.76821984155
760,279,PD,VALLEY BUREAU,TOPANGA,TOP,21,2173,2173,1704556.2890625,5737.24708884475
761,280,PD,VALLEY BUREAU,WEST VALLEY,WVAL,10,1061,1061,2218170.953125,6591.27973673811
762,281,PD,VALLEY BUREAU,WEST VALLEY,WVAL,10,1063,1063,2834390.2265625,6954.28323925134
763,282,PD,VALLEY BUREAU,TOPANGA,TOP,21,2189,2189,3629553.82421875,8926.84162890623
764,283,PD,VALLEY BUREAU,TOPANGA,TOP,21,2172,2172,2675918.4921875,10131.2281290351
765,284,PD,VALLEY BUREAU,VAN NUYS,VNYS,9,952,0952,2154474.57421875,6423.44008415457
766,285,PD,VALLEY BUREAU,NORTH HOLLYWOOD,NHWD,15,1543,1543,949510.0390625,3899.20148917905
767,286,PD,VALLEY BUREAU,NORTH HOLLYWOOD,NHWD,15,1545,1545,1899289.6953125,5852.15111668127
768,287,PD,VALLEY BUREAU,WEST VALLEY,WVAL,10,1075,1075,1539566.9765625,6301.25290996692
769,288,PD,VALLEY BUREAU,WEST VALLEY,WVAL,10,1065,1065,954644.109375,3978.53744876049
770,289,PD,VALLEY BUREAU,WEST VALLEY,WVAL,10,1067,1067,2692112.23046875,6637.82175045389
771,290,PD,VALLEY BUREAU,TOPANGA,TOP,21,2187,2187,3088063.6875,7102.03269673822
772,291,PD,VALLEY BUREAU,NORTH HOLLYWOOD,NHWD,15,1546,1546,1034226.5859375,4863.18738098474
773,292,PD,VALLEY BUREAU,VAN NUYS,VNYS,9,955,0955,497440.11328125,3364.69788097281
774,293,PD,VALLEY BUREAU,WEST VALLEY,WVAL,10,1068,1068,392349.28125,3825.66206425298
775,294,PD,VALLEY BUREAU,VAN NUYS,VNYS,9,957,0957,470133.2734375,2915.54218360765
776,295,PD,VALLEY BUREAU,VAN NUYS,VNYS,9,966,0966,1642181.33984375,5279.48165919251
777,296,PD,VALLEY BUREAU,VAN NUYS,VNYS,9,969,0969,1984822.10546875,6580.81985705333
778,297,PD,VALLEY BUREAU,NORTH HOLLYWOOD,NHWD,15,1541,1541,1052620.94140625,4269.76015790714
779,298,PD,VALLEY BUREAU,TOPANGA,TOP,21,2183,2183,4589833.7109375,11312.3962933111
780,299,PD,VALLEY BUREAU,WEST VALLEY,WVAL,10,1079,1079,1971664.17578125,5691.51948125382
781,300,PD,VALLEY BUREAU,WEST VALLEY,WVAL,10,1078,1078,1934695.671875,5897.52290351405
782,301,PD,VALLEY BUREAU,WEST VALLEY,WVAL,10,1091,1091,8647159.57421875,18460.8257758002
783,302,PD,VALLEY BUREAU,WEST VALLEY,WVAL,10,1083,1083,5285634.19140625,10368.746238248
784,303,PD,VALLEY BUREAU,VAN NUYS,VNYS,9,963,0963,1592288.19140625,6251.29980591535
785,304,PD,VALLEY BUREAU,VAN NUYS,VNYS,9,964,0964,2405220.5390625,6253.20375022659
786,305,PD,VALLEY BUREAU,NORTH HOLLYWOOD,NHWD,15,1544,1544,952542.1875,3905.2008849009
787,306,PD,VALLEY BUREAU,NORTH HOLLYWOOD,NHWD,15,1555,1555,1579897.265625,5319.26354794836
788,307,PD,VALLEY BUREAU,TOPANGA,TOP,21,2197,2197,4471803.140625,9751.1099370546
789,308,PD,VALLEY BUREAU,VAN NUYS,VNYS,9,961,0961,322400.09765625,3315.74417794799
790,309,PD,VALLEY BUREAU,WEST VALLEY,WVAL,10,1077,1077,957914.62109375,5019.56297853091
791,310,PD,VALLEY BUREAU,WEST VALLEY,WVAL,10,1094,1094,8092195.9921875,15519.411901599
792,311,PD,CENTRAL BUREAU,NORTHEAST,NOE,11,1101,1101,21388352.5195313,24063.7442945546
793,312,PD,VALLEY BUREAU,VAN NUYS,VNYS,9,971,0971,1049382.21875,4305.52276211318
794,313,PD,VALLEY BUREAU,WEST VALLEY,WVAL,10,1088,1088,2670724.671875,9275.6276320172
795,314,PD,VALLEY BUREAU,TOPANGA,TOP,21,2196,2196,5036841.44140625,10999.7997562394
796,315,PD,VALLEY BUREAU,VAN NUYS,VNYS,9,974,0974,799756.1640625,3648.83867414913
797,316,PD,VALLEY BUREAU,WEST VALLEY,WVAL,10,1097,1097,12345811.3476563,21152.2659279533
798,317,PD,VALLEY BUREAU,NORTH HOLLYWOOD,NHWD,15,1551,1551,270350.4609375,2569.7304094499
799,318,PD,VALLEY BUREAU,NORTH HOLLYWOOD,NHWD,15,1553,1553,856665.69140625,5126.94317210298
800,319,PD,VALLEY BUREAU,VAN NUYS,VNYS,9,985,0985,2074249.1953125,6449.58010078509
801,320,PD,VALLEY BUREAU,VAN NUYS,VNYS,9,979,0979,832997.546875,3643.67781366715
802,321,PD,VALLEY BUREAU,NORTH HOLLYWOOD,NHWD,15,1562,1562,1494861.11328125,5327.83501111381
803,322,PD,VALLEY BUREAU,VAN NUYS,VNYS,9,976,0976,561156.07421875,3332.38294384424
804,323,PD,VALLEY BUREAU,WEST VALLEY,WVAL,10,1089,1089,982615.29296875,5005.88261022323
805,324,PD,VALLEY BUREAU,VAN NUYS,VNYS,9,989,0989,1714541.640625,5914.78984636238
806,325,PD,VALLEY BUREAU,NORTH HOLLYWOOD,NHWD,15,1563,1563,1547304.21484375,5955.26226317248
807,326,PD,VALLEY BUREAU,VAN NUYS,VNYS,9,981,0981,861447.6796875,4556.80871693666
808,327,PD,VALLEY BUREAU,NORTH HOLLYWOOD,NHWD,15,1565,1565,596632.41796875,3708.2088979933
809,328,PD,VALLEY BUREAU,WEST VALLEY,WVAL,10,1099,1099,4710915.953125,10829.2865497142
810,329,PD,VALLEY BUREAU,NORTH HOLLYWOOD,NHWD,15,1566,1566,840958.44140625,4173.71465526785
811,330,PD,CENTRAL BUREAU,NORTHEAST,NOE,11,1102,1102,3249062.48828125,9831.85897947799
812,331,PD,VALLEY BUREAU,VAN NUYS,VNYS,9,984,0984,648958.9921875,3621.00106155572
813,332,PD,VALLEY BUREAU,TOPANGA,TOP,21,2198,2198,1502359.3359375,8868.50370989071
814,333,PD,CENTRAL BUREAU,NORTHEAST,NOE,11,1109,1109,4096531.421875,9706.21722620252
815,334,PD,VALLEY BUREAU,NORTH HOLLYWOOD,NHWD,15,1581,1581,1782837.6953125,6928.41612529323
816,335,PD,VALLEY BUREAU,NORTH HOLLYWOOD,NHWD,15,1583,1583,1782384.125,6145.70277298931
817,336,PD,VALLEY BUREAU,VAN NUYS,VNYS,9,998,0998,3709603.25,12827.9129066454
818,337,PD,CENTRAL BUREAU,NORTHEAST,NOE,11,1105,1105,1979535.69921875,6318.6405711592
819,338,PD,VALLEY BUREAU,VAN NUYS,VNYS,9,991,0991,5670149.46484375,14098.9910297189
820,339,PD,VALLEY BUREAU,NORTH HOLLYWOOD,NHWD,15,1591,1591,7772520.96875,15381.6900341021
821,340,PD,VALLEY BUREAU,NORTH HOLLYWOOD,NHWD,15,1585,1585,1036288.7265625,5494.3433562565
822,341,PD,VALLEY BUREAU,VAN NUYS,VNYS,9,994,0994,4734882.203125,11731.0909195444
823,342,PD,CENTRAL BUREAU,NORTHEAST,NOE,11,1113,1113,2134044.73828125,8517.25757700265
824,343,PD,VALLEY BUREAU,NORTH HOLLYWOOD,NHWD,15,1595,1595,2094211.71875,7841.60583577461
825,344,PD,VALLEY BUREAU,NORTH HOLLYWOOD,NHWD,15,1596,1596,1700421.08984375,11549.610491517
826,345,PD,VALLEY BUREAU,TOPANGA,TOP,21,2199,2199,1114950.3125,4837.0482370148
827,346,PD,CENTRAL BUREAU,NORTHEAST,NOE,11,1115,1115,1271175.4921875,5303.35903906745
828,347,PD,VALLEY BUREAU,NORTH HOLLYWOOD,NHWD,15,1587,1587,492867.2734375,3969.99456810381
829,348,PD,CENTRAL BUREAU,NORTHEAST,NOE,11,1119,1119,1603102.9609375,6589.62286809241
830,349,PD,VALLEY BUREAU,NORTH HOLLYWOOD,NHWD,15,1599,1599,4453632.35546875,12540.3583637284
831,350,PD,VALLEY BUREAU,WEST VALLEY,WVAL,10,1098,1098,604480.41796875,3395.52553193961
832,351,PD,CENTRAL BUREAU,NORTHEAST,NOE,11,1112,1112,1957614.640625,8528.24184432133
833,352,PD,WEST BUREAU,HOLLYWOOD,HWD,6,615,0615,6411234.92578125,16559.4367536747
834,353,PD,CENTRAL BUREAU,NORTHEAST,NOE,11,1117,1117,2287228.15625,6913.44566214631
835,354,PD,WEST BUREAU,HOLLYWOOD,HWD,6,627,0627,2814699.25390625,13360.1371735753
836,355,PD,CENTRAL BUREAU,NORTHEAST,NOE,11,1107,1107,1829676.68359375,7086.28086882072
837,356,PD,WEST BUREAU,WEST LOS ANGELES,WLA,8,802,0802,33233848.8085938,37274.6852733957
838,357,PD,WEST BUREAU,WEST LOS ANGELES,WLA,8,804,0804,19297544.6132813,27997.4469056387
839,358,PD,WEST BUREAU,WEST LOS ANGELES,WLA,8,803,0803,21069512.1835938,29329.8368705293
840,359,PD,WEST BUREAU,HOLLYWOOD,HWD,6,622,0622,8842979.65625,15051.6345374022
841,360,PD,WEST BUREAU,WEST LOS ANGELES,WLA,8,805,0805,12550098.7734375,19258.2372030842
842,361,PD,WEST BUREAU,WEST LOS ANGELES,WLA,8,843,0843,143187.2109375,2548.06237887212
843,362,PD,CENTRAL BUREAU,NORTHEAST,NOE,11,1126,1126,1292705.0078125,4703.5114324436
844,363,PD,CENTRAL BUREAU,NORTHEAST,NOE,11,1128,1128,1414127.109375,6310.84738986957
845,364,PD,WEST BUREAU,HOLLYWOOD,HWD,6,629,0629,2364346.62109375,7709.67487341565
846,365,PD,CENTRAL BUREAU,NORTHEAST,NOE,11,1123,1123,1382004.3828125,4706.50480460135
847,366,PD,CENTRAL BUREAU,NORTHEAST,NOE,11,1136,1136,2586380.390625,8596.98474737393
848,367,PD,CENTRAL BUREAU,NORTHEAST,NOE,11,1129,1129,1870244.89453125,6576.09772413637
849,368,PD,CENTRAL BUREAU,NORTHEAST,NOE,11,1135,1135,3968291.93359375,11635.9730913377
850,369,PD,CENTRAL BUREAU,NORTHEAST,NOE,11,1125,1125,1068066.0546875,4873.79489159355
851,370,PD,CENTRAL BUREAU,NORTHEAST,NOE,11,1124,1124,1599239.6953125,6665.81738823874
852,371,PD,WEST BUREAU,HOLLYWOOD,HWD,6,625,0625,1906814.74609375,8983.72336680644
853,372,PD,CENTRAL BUREAU,NORTHEAST,NOE,11,1127,1127,781004.17578125,4891.63105410816
854,373,PD,CENTRAL BUREAU,NORTHEAST,NOE,11,1133,1133,2761643.578125,9200.88724955638
855,374,PD,WEST BUREAU,HOLLYWOOD,HWD,6,626,0626,1106847.4609375,6335.28505770316
856,375,PD,CENTRAL BUREAU,NORTHEAST,NOE,11,1122,1122,299069.15234375,2388.95196630886
857,376,PD,CENTRAL BUREAU,NORTHEAST,NOE,11,1132,1132,2395707.39453125,7476.97012269308
858,377,PD,CENTRAL BUREAU,NORTHEAST,NOE,11,1118,1118,553587.015625,3602.20181960859
859,378,PD,CENTRAL BUREAU,NORTHEAST,NOE,11,1142,1142,1486923.9140625,5997.97991895049
860,379,PD,CENTRAL BUREAU,NORTHEAST,NOE,11,1138,1138,756685.83984375,3465.95949390364
861,380,PD,CENTRAL BUREAU,NORTHEAST,NOE,11,1116,1116,733395.29296875,3849.8157075288
862,381,PD,CENTRAL BUREAU,NORTHEAST,NOE,11,1134,1134,1596098.81640625,6010.41737384529
863,382,PD,CENTRAL BUREAU,NORTHEAST,NOE,11,1141,1141,2004061.97265625,7424.62878350615
864,383,PD,CENTRAL BUREAU,NORTHEAST,NOE,11,1153,1153,1087705.34375,6048.58762419771
865,384,PD,CENTRAL BUREAU,NORTHEAST,NOE,11,1148,1148,3167192.43359375,9261.60769527117
866,385,PD,CENTRAL BUREAU,NORTHEAST,NOE,11,1139,1139,790840.765625,4491.01852174855
867,386,PD,CENTRAL BUREAU,NORTHEAST,NOE,11,1137,1137,625604.34765625,3386.06049832364
868,387,PD,CENTRAL BUREAU,NORTHEAST,NOE,11,1145,1145,2567886.2421875,9114.99202985446
869,388,PD,WEST BUREAU,HOLLYWOOD,HWD,6,628,0628,867979.53515625,4799.2723503837
870,389,PD,WEST BUREAU,HOLLYWOOD,HWD,6,635,0635,447542.23828125,3374.64390778545
871,390,PD,CENTRAL BUREAU,NORTHEAST,NOE,11,1143,1143,2161834.44140625,6705.86872624018
872,391,PD,CENTRAL BUREAU,NORTHEAST,NOE,11,1149,1149,663669.578125,3778.50157398373
873,392,PD,CENTRAL BUREAU,NORTHEAST,NOE,11,1144,1144,2771178.73828125,7881.97015796268
874,393,PD,CENTRAL BUREAU,NORTHEAST,NOE,11,1146,1146,1106583.390625,4668.12503754149
875,394,PD,CENTRAL BUREAU,NORTHEAST,NOE,11,1147,1147,2238995.2421875,7934.86111407531
876,395,PD,CENTRAL BUREAU,NORTHEAST,NOE,11,1169,1169,445645.24609375,3800.63248469213
877,396,PD,WEST BUREAU,HOLLYWOOD,HWD,6,636,0636,640844.04296875,3569.49048302353
878,397,PD,WEST BUREAU,HOLLYWOOD,HWD,6,638,0638,574134,4439.13663376279
879,398,PD,WEST BUREAU,HOLLYWOOD,HWD,6,639,0639,473475.3203125,2913.36011751948
880,399,PD,WEST BUREAU,HOLLYWOOD,HWD,6,637,0637,365258.71484375,2893.81037698697
881,400,PD,WEST BUREAU,HOLLYWOOD,HWD,6,643,0643,735423.203125,3526.16717857479
882,401,PD,CENTRAL BUREAU,NORTHEAST,NOE,11,1159,1159,153300.81640625,2187.57596318422
883,402,PD,CENTRAL BUREAU,NORTHEAST,NOE,11,1157,1157,777180.1484375,3672.35497152175
884,403,PD,CENTRAL BUREAU,NORTHEAST,NOE,11,1151,1151,838026.1015625,3669.82974573696
885,404,PD,WEST BUREAU,HOLLYWOOD,HWD,6,648,0648,460053.09765625,2912.96537655135
886,405,PD,WEST BUREAU,HOLLYWOOD,HWD,6,649,0649,355937.7265625,2432.87455834595
887,406,PD,CENTRAL BUREAU,NORTHEAST,NOE,11,1152,1152,849031.26953125,4082.1119052837
888,407,PD,WEST BUREAU,HOLLYWOOD,HWD,6,647,0647,605783.0703125,3499.20851413041
889,408,PD,WEST BUREAU,HOLLYWOOD,HWD,6,646,0646,937157.21875,4600.9736668028
890,409,PD,CENTRAL BUREAU,NORTHEAST,NOE,11,1158,1158,1765847.03125,6397.70455723155
891,410,PD,CENTRAL BUREAU,NORTHEAST,NOE,11,1162,1162,1016113.0078125,4453.36327456428
892,411,PD,WEST BUREAU,HOLLYWOOD,HWD,6,659,0659,398873.24609375,2763.63629474749
893,412,PD,WEST BUREAU,HOLLYWOOD,HWD,6,668,0668,720378.00390625,3431.02507728797
894,413,PD,WEST BUREAU,HOLLYWOOD,HWD,6,667,0667,710939.86328125,3412.54033028601
895,414,PD,WEST BUREAU,HOLLYWOOD,HWD,6,666,0666,1185925.09765625,4377.98732969905
896,415,PD,CENTRAL BUREAU,NORTHEAST,NOE,11,1178,1178,613950.0078125,4470.08936678501
897,416,PD,CENTRAL BUREAU,NORTHEAST,NOE,11,1172,1172,1781739.23828125,7390.13890376978
898,417,PD,CENTRAL BUREAU,NORTHEAST,NOE,11,1176,1176,1205367.0390625,5299.3872334518
899,418,PD,CENTRAL BUREAU,NORTHEAST,NOE,11,1171,1171,1502453.37109375,6247.3326570937
900,419,PD,CENTRAL BUREAU,NORTHEAST,NOE,11,1179,1179,513643.203125,3254.50755760841
901,420,PD,CENTRAL BUREAU,NORTHEAST,NOE,11,1173,1173,1168848.85546875,4725.20810599731
902,421,PD,CENTRAL BUREAU,NORTHEAST,NOE,11,1163,1163,299349.41796875,2210.64516452939
903,422,PD,CENTRAL BUREAU,NORTHEAST,NOE,11,1174,1174,464356.37890625,3340.38624345073
904,423,PD,CENTRAL BUREAU,NORTHEAST,NOE,11,1177,1177,1224844.3125,5164.65328799969
905,424,PD,CENTRAL BUREAU,NORTHEAST,NOE,11,1161,1161,293819.046875,2173.6863531839
906,425,PD,WEST BUREAU,HOLLYWOOD,HWD,6,669,0669,555167.93359375,3075.98723838042
907,426,PD,CENTRAL BUREAU,NORTHEAST,NOE,11,1175,1175,806549.22265625,5421.2320204154
908,427,PD,CENTRAL BUREAU,RAMPART,RAMP,2,204,0204,1278724.58203125,4947.12644649879
909,428,PD,CENTRAL BUREAU,RAMPART,RAMP,2,202,0202,457510.5390625,2743.22152124751
910,429,PD,CENTRAL BUREAU,RAMPART,RAMP,2,201,0201,933482.71484375,3802.63164302196
911,430,PD,WEST BUREAU,HOLLYWOOD,HWD,6,679,0679,323567.85546875,2543.61533407862
912,431,PD,WEST BUREAU,HOLLYWOOD,HWD,6,656,0656,591113.8359375,3403.78333220331
913,432,PD,WEST BUREAU,HOLLYWOOD,HWD,6,677,0677,1033490.59765625,4862.08426353626
914,433,PD,WEST BUREAU,HOLLYWOOD,HWD,6,657,0657,387117.41796875,2557.2025353019
915,434,PD,WEST BUREAU,HOLLYWOOD,HWD,6,678,0678,619424.8203125,3466.8435551294
916,435,PD,CENTRAL BUREAU,NORTHEAST,NOE,11,1189,1189,394904.265625,4925.94364914574
917,436,PD,WEST BUREAU,WEST LOS ANGELES,WLA,8,813,0813,4003260.78515625,12348.8825261889
918,437,PD,CENTRAL BUREAU,NORTHEAST,NOE,11,1184,1184,965530.83203125,5742.8870183344
919,438,PD,CENTRAL BUREAU,NORTHEAST,NOE,11,1186,1186,2111714.7578125,6644.24869151296
920,439,PD,CENTRAL BUREAU,NORTHEAST,NOE,11,1183,1183,887428.625,4285.25608628992
921,440,PD,CENTRAL BUREAU,RAMPART,RAMP,2,205,0205,1040880.57421875,4460.06207424548
922,441,PD,WEST BUREAU,WILSHIRE,WILS,7,706,0706,1062767.3359375,4272.3442862896
923,442,PD,WEST BUREAU,HOLLYWOOD,HWD,6,676,0676,592447.140625,3407.52082540603
924,443,PD,CENTRAL BUREAU,RAMPART,RAMP,2,203,0203,330983.0859375,2440.0511432068
925,444,PD,CENTRAL BUREAU,RAMPART,RAMP,2,211,0211,613928.1953125,3385.78924986898
926,445,PD,CENTRAL BUREAU,NORTHEAST,NOE,11,1181,1181,778357.17578125,4125.34015188735
927,446,PD,CENTRAL BUREAU,RAMPART,RAMP,2,212,0212,778752.109375,3544.89440995711
928,447,PD,WEST BUREAU,WILSHIRE,WILS,7,719,0719,1280200.7734375,4596.56736368378
929,448,PD,WEST BUREAU,OLYMPIC,OLYM,20,2001,2001,998349.0859375,3996.27347001306
930,449,PD,WEST BUREAU,OLYMPIC,OLYM,20,2005,2005,449236.1484375,2878.99831253455
931,450,PD,WEST BUREAU,OLYMPIC,OLYM,20,2002,2002,476948.50390625,2930.11713809726
932,451,PD,WEST BUREAU,OLYMPIC,OLYM,20,2004,2004,495952.5703125,2987.911051049
933,452,PD,CENTRAL BUREAU,NORTHEAST,NOE,11,1185,1185,614601.6015625,3904.8843726611
934,453,PD,CENTRAL BUREAU,NORTHEAST,NOE,11,1195,1195,1718952.45703125,5779.72489543598
935,454,PD,WEST BUREAU,WILSHIRE,WILS,7,717,0717,595340.7734375,3251.22441007161
936,455,PD,WEST BUREAU,WILSHIRE,WILS,7,715,0715,282153.01171875,2125.11574076294
937,456,PD,WEST BUREAU,WILSHIRE,WILS,7,714,0714,277615.21875,2106.04418070521
938,457,PD,WEST BUREAU,WILSHIRE,WILS,7,713,0713,501980.234375,2933.69063554536
939,458,PD,CENTRAL BUREAU,CENTRAL,CENT,1,109,0109,437807.875,3018.07410903885
940,459,PD,CENTRAL BUREAU,RAMPART,RAMP,2,216,0216,705766.78125,3597.00071332911
941,460,PD,CENTRAL BUREAU,NORTHEAST,NOE,11,1199,1199,177059.1328125,1866.38146476666
942,461,PD,CENTRAL BUREAU,RAMPART,RAMP,2,215,0215,590882.68359375,3672.40355437128
943,462,PD,CENTRAL BUREAU,RAMPART,RAMP,2,221,0221,355449.703125,2675.08173234683
944,463,PD,WEST BUREAU,WEST LOS ANGELES,WLA,8,818,0818,2330671.5625,7529.23412621646
945,464,PD,WEST BUREAU,WEST LOS ANGELES,WLA,8,812,0812,3822021.12890625,10789.2857966655
946,465,PD,CENTRAL BUREAU,RAMPART,RAMP,2,217,0217,589099.5078125,3649.52433390439
947,466,PD,CENTRAL BUREAU,RAMPART,RAMP,2,218,0218,1005637.33984375,4004.60040834498
948,467,PD,WEST BUREAU,OLYMPIC,OLYM,20,2019,2019,843300.9375,3859.23527813623
949,468,PD,WEST BUREAU,OLYMPIC,OLYM,20,2015,2015,463653.54296875,2890.80107417027
950,469,PD,WEST BUREAU,WILSHIRE,WILS,7,727,0727,1023891.1484375,4031.39187083017
951,470,PD,WEST BUREAU,WILSHIRE,WILS,7,725,0725,427207.8828125,2718.83497488586
952,471,PD,WEST BUREAU,WILSHIRE,WILS,7,726,0726,488778.6875,2915.19436035219
953,472,PD,WEST BUREAU,WILSHIRE,WILS,7,724,0724,637240.0546875,3235.7340461223
954,473,PD,WEST BUREAU,WILSHIRE,WILS,7,729,0729,1420429.0703125,4933.31059080977
955,474,PD,WEST BUREAU,OLYMPIC,OLYM,20,2014,2014,556672.3203125,3089.19455719598
956,475,PD,WEST BUREAU,OLYMPIC,OLYM,20,2011,2011,1330855.53125,4831.17452933484
957,476,PD,WEST BUREAU,OLYMPIC,OLYM,20,2013,2013,394277.5078125,2772.1784536858
958,477,PD,WEST BUREAU,WILSHIRE,WILS,7,723,0723,853082.7890625,3729.33580836684
959,478,PD,CENTRAL BUREAU,CENTRAL,CENT,1,105,0105,517858.71875,3506.08198869996
960,479,PD,CENTRAL BUREAU,RAMPART,RAMP,2,231,0231,515531.296875,3047.7755808371
961,480,PD,CENTRAL BUREAU,CENTRAL,CENT,1,101,0101,975321.78515625,4719.15908322766
962,481,PD,CENTRAL BUREAU,RAMPART,RAMP,2,219,0219,684276.015625,4101.07093893828
963,482,PD,CENTRAL BUREAU,RAMPART,RAMP,2,233,0233,469095.296875,3004.33853826418
964,483,PD,WEST BUREAU,WEST LOS ANGELES,WLA,8,828,0828,1091748.37109375,4883.75227173477
965,484,PD,WEST BUREAU,OLYMPIC,OLYM,20,2016,2016,210496.66015625,1849.89482200628
966,485,PD,WEST BUREAU,OLYMPIC,OLYM,20,2017,2017,273010.69921875,2097.90727789856
967,486,PD,CENTRAL BUREAU,RAMPART,RAMP,2,235,0235,736884.82421875,3520.38076689978
968,487,PD,CENTRAL BUREAU,CENTRAL,CENT,1,118,0118,1384282.5625,4783.98437963994
969,488,PD,WEST BUREAU,WILSHIRE,WILS,7,734,0734,1181417.0390625,4666.26461185449
970,489,PD,WEST BUREAU,WEST LOS ANGELES,WLA,8,837,0837,190435.73046875,2173.741294023
971,490,PD,WEST BUREAU,WILSHIRE,WILS,7,732,0732,868231.3203125,3761.11491653859
972,491,PD,CENTRAL BUREAU,RAMPART,RAMP,2,236,0236,664999.6171875,3490.60773233714
973,492,PD,WEST BUREAU,WILSHIRE,WILS,7,736,0736,195775.87890625,1830.35678606466
974,493,PD,WEST BUREAU,OLYMPIC,OLYM,20,2026,2026,272075.11328125,2090.24050417371
975,494,PD,WEST BUREAU,OLYMPIC,OLYM,20,2029,2029,829020.08203125,3875.11921175687
976,495,PD,WEST BUREAU,WILSHIRE,WILS,7,739,0739,846014.6953125,3727.80548771461
977,496,PD,WEST BUREAU,WILSHIRE,WILS,7,737,0737,414470.1484375,3026.57416223066
978,497,PD,WEST BUREAU,OLYMPIC,OLYM,20,2025,2025,201674.12890625,1802.15053425639
979,979,PD,WEST BUREAU,HOLLYWOOD,HWD,6,631,0631,2654076.33984375,10830.1379715862
980,980,PD,WEST BUREAU,HOLLYWOOD,HWD,6,642,0642,824697.6875,3624.13621161744
981,981,PD,WEST BUREAU,HOLLYWOOD,HWD,6,644,0644,534706.671875,3158.90711046394
982,982,PD,WEST BUREAU,HOLLYWOOD,HWD,6,663,0663,1132326.91015625,4380.5017710717
983,983,PD,WEST BUREAU,WILSHIRE,WILS,7,701,0701,1541861.0078125,7068.33386388538
984,984,PD,WEST BUREAU,WILSHIRE,WILS,7,702,0702,1445431.94921875,5204.9405289962
985,985,PD,WEST BUREAU,WILSHIRE,WILS,7,705,0705,595750.98828125,3348.71505663229
986,986,PD,WEST BUREAU,WEST LOS ANGELES,WLA,8,819,0819,3463861.140625,9000.98168021344
987,987,PD,WEST BUREAU,WILSHIRE,WILS,7,711,0711,999209.15234375,5533.17968075904
988,988,PD,WEST BUREAU,WEST LOS ANGELES,WLA,8,811,0811,14513909.90625,20777.8484709666
989,989,PD,WEST BUREAU,WILSHIRE,WILS,7,721,0721,1206692.37890625,5144.21732328567
990,990,PD,WEST BUREAU,WEST LOS ANGELES,WLA,8,815,0815,1143062.9921875,6291.02607940359
991,991,PD,WEST BUREAU,WILSHIRE,WILS,7,722,0722,841595.3515625,4177.90773744629
992,992,PD,WEST BUREAU,WEST LOS ANGELES,WLA,8,814,0814,1010120.40234375,5981.65581338402
993,993,PD,WEST BUREAU,WEST LOS ANGELES,WLA,8,816,0816,221945.671875,2145.13179248797
994,994,PD,WEST BUREAU,WEST LOS ANGELES,WLA,8,838,0838,479710.9296875,3702.43463996122
995,995,PD,WEST BUREAU,WEST LOS ANGELES,WLA,8,829,0829,1812284.11328125,5597.48560729211
996,996,PD,WEST BUREAU,WEST LOS ANGELES,WLA,8,827,0827,899804.953125,4854.53222262419
997,997,PD,WEST BUREAU,WEST LOS ANGELES,WLA,8,839,0839,924035.23046875,4239.02065264606
998,998,PD,WEST BUREAU,WILSHIRE,WILS,7,742,0742,821182.10546875,4195.23238730938
999,999,PD,WEST BUREAU,WEST LOS ANGELES,WLA,8,849,0849,934430.40625,4078.05869718825
1000,1000,PD,WEST BUREAU,WEST LOS ANGELES,WLA,8,824,0824,4775712.83984375,13883.3689401785
1001,1001,PD,WEST BUREAU,WEST LOS ANGELES,WLA,8,848,0848,867794.91796875,3808.87561989575
1002,1002,PD,WEST BUREAU,WEST LOS ANGELES,WLA,8,825,0825,1793517.50390625,5953.38031444521
1003,1003,PD,WEST BUREAU,WEST LOS ANGELES,WLA,8,886,0886,1908139.734375,8580.2459020803
1004,1004,PD,WEST BUREAU,WEST LOS ANGELES,WLA,8,857,0857,1422016.90625,5426.10317597073
1005,1005,PD,WEST BUREAU,WEST LOS ANGELES,WLA,8,858,0858,614523.73046875,3883.11981008231
1006,1006,PD,WEST BUREAU,WEST LOS ANGELES,WLA,8,855,0855,975128.6796875,4630.93941006739
1007,1007,PD,WEST BUREAU,WEST LOS ANGELES,WLA,8,832,0832,631638.60546875,3228.71899782621
1008,1008,PD,WEST BUREAU,WEST LOS ANGELES,WLA,8,831,0831,2515704.9921875,8210.91675487097
1009,1009,PD,WEST BUREAU,WEST LOS ANGELES,WLA,8,842,0842,762174.765625,3975.58550921792
1010,1010,PD,WEST BUREAU,WEST LOS ANGELES,WLA,8,853,0853,822544.48828125,3655.98037044336
1011,1011,PD,WEST BUREAU,WEST LOS ANGELES,WLA,8,841,0841,629513.48828125,3270.85387133546
1012,1012,PD,WEST BUREAU,WILSHIRE,WILS,7,782,0782,1776910.95703125,6077.85438242901
1013,1013,PD,WEST BUREAU,WEST LOS ANGELES,WLA,8,861,0861,75505.59765625,2908.84034599983
1014,1014,PD,WEST BUREAU,WEST LOS ANGELES,WLA,8,851,0851,638146.4609375,3286.2361936911
1015,1015,PD,WEST BUREAU,WEST LOS ANGELES,WLA,8,881,0881,1869970.171875,5601.89885767997
1016,1016,PD,WEST BUREAU,WEST LOS ANGELES,WLA,8,899,0899,783107.08203125,3972.11552835236
1017,1017,PD,WEST BUREAU,PACIFIC,PAC,14,1403,1403,573147.015625,3783.0073272309
1018,1018,PD,WEST BUREAU,PACIFIC,PAC,14,1428,1428,1239126.18359375,4440.11090899108
1019,1019,PD,WEST BUREAU,PACIFIC,PAC,14,1405,1405,104519.24609375,1833.63619481376
1020,1020,PD,WEST BUREAU,WEST LOS ANGELES,WLA,8,891,0891,194079.50390625,2324.20125997801
1021,1021,PD,WEST BUREAU,PACIFIC,PAC,14,1402,1402,1019726.69140625,4138.54406303735
1022,1022,PD,WEST BUREAU,PACIFIC,PAC,14,1409,1409,741773.8984375,4797.42704367746
1023,1023,PD,WEST BUREAU,PACIFIC,PAC,14,1406,1406,814605.21875,5109.26475135444
1024,1024,PD,WEST BUREAU,PACIFIC,PAC,14,1407,1407,1070334.2421875,5154.85172705808
1025,1025,PD,WEST BUREAU,PACIFIC,PAC,14,1408,1408,103588.51953125,2514.33435574764
1026,1026,PD,WEST BUREAU,PACIFIC,PAC,14,1401,1401,1145529.43359375,5190.52901253667
1027,1027,PD,WEST BUREAU,WEST LOS ANGELES,WLA,8,872,0872,99451.6171875,1368.9376613574
1028,1028,PD,WEST BUREAU,PACIFIC,PAC,14,1438,1438,824591.95703125,3679.79589916461
1029,1029,PD,WEST BUREAU,PACIFIC,PAC,14,1424,1424,1326260.49609375,4809.2788149868
1030,1030,PD,WEST BUREAU,PACIFIC,PAC,14,1437,1437,702264.70703125,3436.07366505658
1031,1031,PD,WEST BUREAU,PACIFIC,PAC,14,1436,1436,189652.984375,2508.95928839313
1032,1032,PD,WEST BUREAU,PACIFIC,PAC,14,1435,1435,2064984.9296875,5907.20018715707
1033,1033,PD,WEST BUREAU,PACIFIC,PAC,14,1416,1416,1682458.890625,5494.24105959532
1034,1034,PD,WEST BUREAU,PACIFIC,PAC,14,1449,1449,913607.8515625,4705.76605147048
1035,1035,PD,WEST BUREAU,PACIFIC,PAC,14,1415,1415,1716911.91796875,5674.39979805537
1036,1036,PD,WEST BUREAU,PACIFIC,PAC,14,1446,1446,746468.8515625,3919.28458231906
1037,1037,PD,WEST BUREAU,PACIFIC,PAC,14,1445,1445,857935.4296875,4466.69807072986
1038,1038,PD,WEST BUREAU,PACIFIC,PAC,14,1458,1458,885411.65625,4416.13216568432
1039,1039,PD,WEST BUREAU,PACIFIC,PAC,14,1459,1459,539026.2578125,3708.80086902978
1040,1040,PD,WEST BUREAU,PACIFIC,PAC,14,1414,1414,940894.8828125,4237.01717778271
1041,1041,PD,WEST BUREAU,PACIFIC,PAC,14,1413,1413,837483.54296875,4152.44553534323
1042,1042,PD,WEST BUREAU,PACIFIC,PAC,14,1456,1456,678431.4609375,3883.85793156494
1043,1043,PD,WEST BUREAU,PACIFIC,PAC,14,1443,1443,1129994.54296875,6119.19565538757
1044,1044,PD,WEST BUREAU,PACIFIC,PAC,14,1412,1412,635790.9921875,3822.9582283348
1045,1045,PD,WEST BUREAU,PACIFIC,PAC,14,1455,1455,1788419.97265625,6851.48353724176
1046,1046,PD,WEST BUREAU,PACIFIC,PAC,14,1411,1411,280329.80859375,3074.68995228487
1047,1047,PD,WEST BUREAU,PACIFIC,PAC,14,1453,1453,1120451.09765625,4927.61001655217
1048,1048,PD,WEST BUREAU,PACIFIC,PAC,14,1444,1444,915134.609375,5274.24914286652
1049,1049,PD,WEST BUREAU,PACIFIC,PAC,14,1465,1465,1539574.2109375,6210.81484174864
1050,1050,PD,WEST BUREAU,PACIFIC,PAC,14,1454,1454,2587621.37109375,6637.52196300789
1051,1051,PD,WEST BUREAU,PACIFIC,PAC,14,1441,1441,1326107.18359375,5055.3163447579
1052,1052,PD,WEST BUREAU,PACIFIC,PAC,14,1463,1463,1362673.46484375,6723.79856384962
1053,1053,PD,WEST BUREAU,PACIFIC,PAC,14,1464,1464,2193265.58984375,9241.29624110581
1054,1054,PD,WEST BUREAU,PACIFIC,PAC,14,1466,1466,2207685.88671875,6191.76440576505
1055,1055,PD,WEST BUREAU,PACIFIC,PAC,14,1469,1469,1341076.51953125,9050.86997237235
1056,1056,PD,WEST BUREAU,PACIFIC,PAC,14,1452,1452,1039054.08984375,5735.24747660122
1057,1057,PD,WEST BUREAU,PACIFIC,PAC,14,1467,1467,1814543.25,6071.86074261913
1058,1058,PD,WEST BUREAU,PACIFIC,PAC,14,1462,1462,1274740.953125,6427.31649884045
1059,1059,PD,WEST BUREAU,PACIFIC,PAC,14,1472,1472,2160986.9375,9551.41448555851
1060,1060,PD,WEST BUREAU,PACIFIC,PAC,14,1479,1479,1845644.1953125,5798.05864911572
1061,1061,PD,WEST BUREAU,PACIFIC,PAC,14,1488,1488,1526138.82421875,5627.24151346278
1062,1062,PD,WEST BUREAU,PACIFIC,PAC,14,1494,1494,17006651.8398438,19767.9459899818
1063,1063,PD,WEST BUREAU,PACIFIC,PAC,14,1489,1489,936155.421875,3860.55499746457
1064,1064,PD,WEST BUREAU,PACIFIC,PAC,14,1491,1491,1087097.265625,11016.7618429124
1065,1065,PD,WEST BUREAU,PACIFIC,PAC,14,1497,1497,595811.5859375,3270.52473626142
1066,1066,PD,WEST BUREAU,PACIFIC,PAC,14,1498,1498,820113.9140625,3696.25577296866
1067,1067,PD,WEST BUREAU,PACIFIC,PAC,14,1499,1499,775437.3203125,3840.44829896893
1068,1068,PD,WEST BUREAU,PACIFIC,PAC,14,1493,1493,1146274.63671875,6076.03358010593
1069,1069,PD,WEST BUREAU,WEST LOS ANGELES,WLA,8,885,0885,3226082.078125,7497.69885572318
1070,1070,PD,VALLEY BUREAU,TOPANGA,TOP,21,2185,2185,3492054.546875,9632.45280048581
1071,1071,PD,SOUTH BUREAU,77TH STREET,77TH,12,1235,1235,769904.18359375,3524.44778796448
1072,1072,PD,WEST BUREAU,WEST LOS ANGELES,WLA,8,833,0833,560267.7890625,3058.77613457953
1073,1075,PD,CENTRAL BUREAU,HOLLENBECK,HOBK,4,418,0418,1283497.6171875,5628.32644576364
1074,1076,PD,CENTRAL BUREAU,HOLLENBECK,HOBK,4,409,0409,1386542.53515625,5152.44521061414
1075,1077,PD,CENTRAL BUREAU,HOLLENBECK,HOBK,4,429,0429,1281360.49609375,5305.75729664248
1076,1078,PD,CENTRAL BUREAU,HOLLENBECK,HOBK,4,408,0408,648958.36328125,3828.35774426157
1077,1079,PD,CENTRAL BUREAU,HOLLENBECK,HOBK,4,426,0426,637705.1796875,3417.37576245081
1078,1080,PD,CENTRAL BUREAU,HOLLENBECK,HOBK,4,412,0412,1079394.77734375,5014.18198549305
1079,1081,PD,CENTRAL BUREAU,HOLLENBECK,HOBK,4,427,0427,1912043.9296875,5666.85498973165
1080,1082,PD,CENTRAL BUREAU,HOLLENBECK,HOBK,4,413,0413,188839.33203125,2223.42763314333
1081,1083,PD,CENTRAL BUREAU,HOLLENBECK,HOBK,4,428,0428,538410.9140625,3548.41600731172
1082,1084,PD,CENTRAL BUREAU,HOLLENBECK,HOBK,4,438,0438,2340008.12109375,7754.28808916708
1083,1085,PD,CENTRAL BUREAU,HOLLENBECK,HOBK,4,411,0411,808614.22265625,3553.84947680205
1084,1086,PD,CENTRAL BUREAU,HOLLENBECK,HOBK,4,415,0415,576170.36328125,3261.84298619328
1085,1087,PD,CENTRAL BUREAU,HOLLENBECK,HOBK,4,424,0424,1403377.03515625,5975.14255283929
1086,1088,PD,CENTRAL BUREAU,HOLLENBECK,HOBK,4,437,0437,2845435.9609375,6996.57390149167
1087,1089,PD,CENTRAL BUREAU,HOLLENBECK,HOBK,4,439,0439,2493929.0625,7968.66668749198
1088,1090,PD,CENTRAL BUREAU,HOLLENBECK,HOBK,4,422,0422,948147.328125,3952.22242739572
1089,1091,PD,CENTRAL BUREAU,HOLLENBECK,HOBK,4,421,0421,1413106.890625,5126.86405896947
1090,1092,PD,CENTRAL BUREAU,HOLLENBECK,HOBK,4,423,0423,646300.296875,3772.31160985944
1091,1093,PD,CENTRAL BUREAU,HOLLENBECK,HOBK,4,443,0443,1669141.62109375,5194.79145467728
1092,1094,PD,CENTRAL BUREAU,HOLLENBECK,HOBK,4,448,0448,939905.4375,4296.81732804607
1093,1095,PD,CENTRAL BUREAU,HOLLENBECK,HOBK,4,441,0441,1201954.8984375,5105.98684229019
1094,1096,PD,CENTRAL BUREAU,HOLLENBECK,HOBK,4,442,0442,571386.171875,3948.64400787094
1095,1097,PD,CENTRAL BUREAU,HOLLENBECK,HOBK,4,445,0445,297258.94921875,2447.20139788628
1096,1098,PD,CENTRAL BUREAU,HOLLENBECK,HOBK,4,449,0449,769726.80859375,3794.46148306129
1097,1099,PD,CENTRAL BUREAU,HOLLENBECK,HOBK,4,453,0453,881676.60546875,3948.07064532121
1098,1100,PD,CENTRAL BUREAU,HOLLENBECK,HOBK,4,455,0455,780476.14453125,3799.37754155578
1099,1101,PD,CENTRAL BUREAU,HOLLENBECK,HOBK,4,452,0452,106932.64453125,2482.58031294642
1100,1102,PD,CENTRAL BUREAU,HOLLENBECK,HOBK,4,451,0451,502512.8671875,2898.24684910511
1101,1103,PD,CENTRAL BUREAU,HOLLENBECK,HOBK,4,456,0456,412569.45703125,2808.24572886331
1102,1104,PD,CENTRAL BUREAU,HOLLENBECK,HOBK,4,457,0457,466872.65625,2939.59100758215
1103,1105,PD,CENTRAL BUREAU,HOLLENBECK,HOBK,4,463,0463,433655.40625,2800.46060063395
1104,1106,PD,CENTRAL BUREAU,HOLLENBECK,HOBK,4,459,0459,712724.3359375,3469.7542772505
1105,1107,PD,CENTRAL BUREAU,HOLLENBECK,HOBK,4,464,0464,441838.765625,2820.01237730514
1106,1108,PD,CENTRAL BUREAU,HOLLENBECK,HOBK,4,461,0461,656039.1328125,3294.99440479105
1107,1109,PD,CENTRAL BUREAU,HOLLENBECK,HOBK,4,454,0454,184158.15234375,1833.0392941038
1108,1110,PD,CENTRAL BUREAU,HOLLENBECK,HOBK,4,466,0466,440073.6953125,2809.52488356998
1109,1111,PD,CENTRAL BUREAU,HOLLENBECK,HOBK,4,467,0467,941023.078125,4014.29735849326
1110,1112,PD,CENTRAL BUREAU,HOLLENBECK,HOBK,4,468,0468,883400.734375,3766.25390152669
1111,1113,PD,CENTRAL BUREAU,HOLLENBECK,HOBK,4,462,0462,377513.47265625,3452.63952584606
1112,1114,PD,CENTRAL BUREAU,HOLLENBECK,HOBK,4,473,0473,769235.453125,3989.59863785107
1113,1115,PD,CENTRAL BUREAU,HOLLENBECK,HOBK,4,471,0471,1226128.9765625,5081.5605561244
1114,1116,PD,CENTRAL BUREAU,HOLLENBECK,HOBK,4,469,0469,667771.734375,4337.02427171899
1115,1117,PD,CENTRAL BUREAU,HOLLENBECK,HOBK,4,477,0477,1081787.55078125,4144.43226577702
1116,1118,PD,CENTRAL BUREAU,HOLLENBECK,HOBK,4,465,0465,381769.1015625,2565.82169645858
1117,1119,PD,CENTRAL BUREAU,HOLLENBECK,HOBK,4,478,0478,1123634.4375,4280.29524546568
1118,1120,PD,CENTRAL BUREAU,HOLLENBECK,HOBK,4,483,0483,70431.48828125,1139.22638912987
1119,1121,PD,CENTRAL BUREAU,HOLLENBECK,HOBK,4,487,0487,397915.44140625,2863.14957249977
1120,1122,PD,CENTRAL BUREAU,HOLLENBECK,HOBK,4,479,0479,771647.37890625,3577.36917971216
1121,1123,PD,CENTRAL BUREAU,HOLLENBECK,HOBK,4,491,0491,954236.62890625,4984.76834467269
1122,1124,PD,CENTRAL BUREAU,HOLLENBECK,HOBK,4,489,0489,418896.93359375,3408.01467305725
1123,1125,PD,CENTRAL BUREAU,HOLLENBECK,HOBK,4,488,0488,450470.40625,3035.21360851089
1124,1126,PD,CENTRAL BUREAU,HOLLENBECK,HOBK,4,497,0497,2145313.08203125,7354.08992067203
1125,1127,PD,CENTRAL BUREAU,HOLLENBECK,HOBK,4,499,0499,1316516.03515625,4697.55041050852
1126,1128,PD,CENTRAL BUREAU,HOLLENBECK,HOBK,4,402,0402,2567830.328125,8590.11611374707
1127,1129,PD,CENTRAL BUREAU,HOLLENBECK,HOBK,4,401,0401,306404.65234375,3732.11890874547
1128,1130,PD,CENTRAL BUREAU,HOLLENBECK,HOBK,4,407,0407,1228693.6171875,6655.86672547883
1129,1131,PD,CENTRAL BUREAU,HOLLENBECK,HOBK,4,416,0416,1363923.02734375,6620.07261166711
1130,1132,PD,CENTRAL BUREAU,HOLLENBECK,HOBK,4,414,0414,545949.6484375,3371.23853396406
1131,1133,PD,CENTRAL BUREAU,HOLLENBECK,HOBK,4,417,0417,1313711.15625,5255.87989218771
1132,1134,PD,CENTRAL BUREAU,HOLLENBECK,HOBK,4,404,0404,1289876.64453125,6426.11885554231
1133,1135,PD,CENTRAL BUREAU,HOLLENBECK,HOBK,4,406,0406,1450526.25390625,5574.5586799771
1134,1136,PD,CENTRAL BUREAU,HOLLENBECK,HOBK,4,403,0403,803864.03125,5591.43937209221
1135,1137,PD,CENTRAL BUREAU,HOLLENBECK,HOBK,4,405,0405,68184.35546875,1264.47239620098
